timestamp,amount,price,symbol
2013-01-21 10:33:01,3.0,16.625999999999998,BTC
2013-01-21 12:21:10,0.17104,16.727999999999998,BTC
2013-01-21 12:43:21,42.84,16.911498,BTC
2013-01-21 12:53:35,0.8885963,16.931898,BTC
2013-01-21 14:34:14,1.63,16.9013898,BTC
2013-01-21 15:35:43,0.1706344,17.136,BTC
2013-01-21 16:02:52,0.010759999999999999,17.1359898,BTC
2013-01-21 17:06:23,25.0,16.983,BTC
2013-01-21 19:48:32,20.0,17.12988,BTC
2013-01-21 21:59:06,0.695,16.8555,BTC
2013-01-21 21:59:50,0.01328376,16.870810199999998,BTC
2013-01-21 23:21:21,0.13692863,17.136,BTC
2013-01-21 23:21:26,0.05667012,17.136,BTC
2013-01-21 23:21:35,0.21962307,17.136,BTC
2013-01-22 00:07:28,0.03692669,17.212398,BTC
2013-01-22 00:25:50,6.70764,17.2134792,BTC
2013-01-22 00:46:53,0.04515239,17.248189800000002,BTC
2013-01-22 00:50:40,0.02,17.2379898,BTC
2013-01-22 00:56:30,0.41596819999999995,17.2685796,BTC
2013-01-22 01:01:42,4.22219338,17.2380204,BTC
2013-01-22 01:06:37,0.018986199999999998,17.271649800000002,BTC
2013-01-22 01:13:16,0.05154306,17.238,BTC
2013-01-22 01:14:46,1.1105268,17.258389800000003,BTC
2013-01-22 01:31:43,4.13048493,17.248189800000002,BTC
2013-01-22 01:34:09,0.42853476,17.258389800000003,BTC
2013-01-22 01:36:56,0.03580388,17.238,BTC
2013-01-22 01:43:17,0.03583358,17.258389800000003,BTC
2013-01-22 01:45:12,0.24060691,17.2582674,BTC
2013-01-22 02:49:25,4.82304462,17.227687799999998,BTC
2013-01-22 02:50:03,0.24492814,17.2583796,BTC
2013-01-22 03:10:30,7.70610454,17.2074,BTC
2013-01-22 03:21:04,0.26821687,17.2482,BTC
2013-01-22 03:22:45,0.05819657,17.2571658,BTC
2013-01-22 04:28:50,0.04763227,17.2349298,BTC
2013-01-22 06:52:15,0.0713086,17.186989800000006,BTC
2013-01-22 06:54:00,0.06170876,17.2043196,BTC
2013-01-22 06:55:40,0.12451483,17.2176,BTC
2013-01-22 06:57:05,0.05311953,17.225749800000006,BTC
2013-01-22 06:59:01,0.01547292,17.2266678,BTC
2013-01-22 07:16:23,0.01,17.188938,BTC
2013-01-22 13:31:31,1.0,17.595,BTC
2013-01-22 14:24:28,0.00063233,17.85,BTC
2013-01-22 14:24:30,0.07234125,17.85,BTC
2013-01-22 14:24:33,200.0,17.85,BTC
2013-01-22 14:58:39,0.17358812,17.595,BTC
2013-01-22 14:58:40,180.0,17.595,BTC
2013-01-22 15:08:26,10.0,17.595,BTC
2013-01-22 17:01:35,0.004,17.748,BTC
2013-01-22 17:01:49,0.02542994,17.748,BTC
2013-01-22 17:01:49,0.08,17.748,BTC
2013-01-22 17:10:32,0.02479541,17.748,BTC
2013-01-22 20:49:01,30.0,17.646,BTC
2013-01-22 22:16:13,0.0011186,17.748,BTC
2013-01-22 22:16:13,20.0,17.748,BTC
2013-01-23 05:17:24,50.0,17.404668,BTC
2013-01-23 06:37:06,0.52838585,17.386889399999998,BTC
2013-01-23 07:06:51,10.0,17.2176,BTC
2013-01-23 07:09:54,10.0,17.233104,BTC
2013-01-23 07:59:34,0.0373096,17.222394,BTC
2013-01-23 07:59:38,0.0012,17.222394,BTC
2013-01-23 07:59:43,0.02772597,17.222394,BTC
2013-01-23 07:59:47,0.0012,17.222394,BTC
2013-01-23 07:59:51,0.08,17.222394,BTC
2013-01-23 07:59:56,0.00024207,17.222394,BTC
2013-01-23 08:00:00,0.00021988,17.222394,BTC
2013-01-23 08:00:05,0.0003904,17.222394,BTC
2013-01-23 08:00:11,0.12,17.222394,BTC
2013-01-23 08:00:16,0.0028,17.222394,BTC
2013-01-23 08:00:20,0.00011862,17.222394,BTC
2013-01-23 08:00:25,0.00029253,17.222394,BTC
2013-01-23 09:53:37,0.07392,17.3502,BTC
2013-01-23 10:03:06,1.0,17.493,BTC
2013-01-23 10:50:56,0.0004962,17.4951114,BTC
2013-01-23 10:50:57,18.48,17.4951114,BTC
2013-01-23 11:06:02,0.07392,17.494020000000006,BTC
2013-01-23 11:10:29,0.07392,17.493,BTC
2013-01-23 13:32:04,17.5,17.4950298,BTC
2013-01-23 15:49:17,9.95,17.595,BTC
2013-01-23 17:43:33,0.02,17.6634522,BTC
2013-01-23 20:42:48,12.34760238,17.6613,BTC
2013-01-23 20:44:26,14.44412718,17.6607798,BTC
2013-01-23 20:53:33,6.88,17.697,BTC
2013-01-23 20:53:49,0.99,17.697,BTC
2013-01-23 21:12:06,5.47414722,17.6561898,BTC
2013-01-23 21:44:21,0.04234419,17.7684,BTC
2013-01-23 21:44:21,0.08476,17.7684,BTC
2013-01-23 21:44:21,0.0008,17.7684,BTC
2013-01-23 21:44:22,0.02,17.7684,BTC
2013-01-23 21:44:22,0.00020725,17.7684,BTC
2013-01-23 21:44:23,0.00108524,17.7684,BTC
2013-01-23 21:44:23,0.02,17.7684,BTC
2013-01-23 21:44:23,2.9e-07,17.7684,BTC
2013-01-23 21:44:24,0.05548334,17.7684,BTC
2013-01-23 21:44:24,166.13073163,17.7684,BTC
2013-01-23 23:11:47,20.0,17.86836,BTC
2013-01-23 23:39:33,0.16,17.93721,BTC
2013-01-24 00:10:13,214.0,18.0039894,BTC
2013-01-24 00:44:32,0.183,18.3089694,BTC
2013-01-24 01:45:35,1.0,18.308989800000006,BTC
2013-01-24 01:46:51,0.07690280000000001,18.3089592,BTC
2013-01-24 01:48:59,0.01,18.309,BTC
2013-01-24 01:49:12,0.01,18.2988,BTC
2013-01-24 01:50:48,0.07713915,18.308989800000006,BTC
2013-01-24 01:55:36,0.82595805,18.308989800000006,BTC
2013-01-24 01:55:39,1.0,18.308989800000006,BTC
2013-01-24 02:15:28,0.012,18.237396,BTC
2013-01-24 03:52:20,18.90810833,18.5639898,BTC
2013-01-24 04:34:16,0.24,18.6507,BTC
2013-01-24 04:37:22,0.04123702,18.6507,BTC
2013-01-24 05:43:39,0.12,19.0330878,BTC
2013-01-24 05:44:00,0.12,18.967512,BTC
2013-01-24 05:44:23,0.12,18.967491600000002,BTC
2013-01-24 05:44:50,0.12,18.967491600000002,BTC
2013-01-24 05:45:48,0.02,19.022969399999997,BTC
2013-01-24 06:09:27,1.0,18.87,BTC
2013-01-24 06:18:19,2.0,18.9107694,BTC
2013-01-24 06:21:23,42.0,18.9108,BTC
2013-01-24 06:26:49,13.0,18.9515898,BTC
2013-01-24 06:28:57,2.0,18.9007122,BTC
2013-01-24 07:19:32,0.00141957,18.971377800000006,BTC
2013-01-24 07:19:45,0.2400032000000001,18.9712758,BTC
2013-01-24 07:19:45,0.0004,18.9712758,BTC
2013-01-24 07:19:46,0.004,18.9712758,BTC
2013-01-24 07:19:46,0.00421946,18.9712758,BTC
2013-01-24 07:19:46,0.00293164,18.9712758,BTC
2013-01-24 07:19:46,0.00244319,18.9712758,BTC
2013-01-24 07:19:46,4.748e-05,18.9712758,BTC
2013-01-24 07:19:47,0.00267568,18.9712758,BTC
2013-01-24 07:19:47,0.0042218,18.9712758,BTC
2013-01-24 07:19:47,0.00268563,18.9712758,BTC
2013-01-24 07:19:47,0.00039401,18.9712758,BTC
2013-01-24 07:20:32,0.0074078,18.9516,BTC
2013-01-24 07:20:38,0.02,18.9516,BTC
2013-01-24 07:20:44,0.00258885,18.9516,BTC
2013-01-24 07:20:49,0.00020219999999999998,18.9516,BTC
2013-01-24 07:20:54,0.00022192,18.9516,BTC
2013-01-24 07:21:00,0.23972600000000002,18.9516,BTC
2013-01-24 07:21:05,6.352e-05,18.9516,BTC
2013-01-24 07:21:10,0.0029225,18.9516,BTC
2013-01-24 07:21:16,0.032,18.9516,BTC
2013-01-24 07:21:21,0.0019582000000000002,18.9516,BTC
2013-01-24 07:21:26,0.00028352,18.9516,BTC
2013-01-24 07:21:31,0.00237086,18.9516,BTC
2013-01-24 07:21:37,0.04382668,18.9516,BTC
2013-01-24 08:01:42,0.00118447,18.9504576,BTC
2013-01-24 08:01:43,0.56,18.9504576,BTC
2013-01-24 08:01:43,0.00010244,18.9504576,BTC
2013-01-24 08:01:44,0.004,18.9504576,BTC
2013-01-24 08:01:45,150.0,18.9504576,BTC
2013-01-24 08:07:40,0.06,18.8992638,BTC
2013-01-24 08:07:44,0.008,18.8992638,BTC
2013-01-24 08:07:48,0.00010244,18.8992638,BTC
2013-01-24 08:07:51,0.004,18.8992638,BTC
2013-01-24 08:07:53,41.0,18.8992638,BTC
2013-01-24 08:18:46,100.0,18.9516,BTC
2013-01-24 09:24:02,19.74,18.666,BTC
2013-01-24 09:49:36,0.06694291,18.6802698,BTC
2013-01-24 10:00:53,2.50978561,18.7361862,BTC
2013-01-24 10:02:24,2.43904241,18.8189898,BTC
2013-01-24 10:20:59,3.9,18.768,BTC
2013-01-24 13:34:44,0.98,18.972,BTC
2013-01-24 14:31:23,0.01287819,18.971989800000006,BTC
2013-01-24 14:31:26,0.00672181,18.971989800000006,BTC
2013-01-24 14:33:16,30.0,18.972,BTC
2013-01-24 14:34:17,0.001,18.972,BTC
2013-01-24 14:42:18,0.001,19.0638,BTC
2013-01-24 15:02:47,50.0,19.0737858,BTC
2013-01-24 15:03:45,0.17312267,19.0738878,BTC
2013-01-24 15:04:55,0.5,19.073795999999998,BTC
2013-01-24 15:06:05,0.1,19.073795999999998,BTC
2013-01-24 15:11:14,0.0004,19.073694,BTC
2013-01-24 15:12:25,0.0004,19.073694,BTC
2013-01-24 15:14:10,0.0004,19.073795999999998,BTC
2013-01-24 15:15:12,0.0004,19.073694,BTC
2013-01-24 15:16:16,0.0004,19.073694,BTC
2013-01-24 15:17:23,0.0008,19.073795999999998,BTC
2013-01-24 15:18:06,0.00653909,19.073795999999998,BTC
2013-01-24 15:18:31,0.0004,19.073694,BTC
2013-01-24 15:19:34,0.0004,19.073694,BTC
2013-01-24 15:19:37,0.2,19.073694,BTC
2013-01-24 15:21:16,0.1,19.073898,BTC
2013-01-24 15:22:21,0.1,19.073795999999998,BTC
2013-01-24 15:23:29,0.1,19.073795999999998,BTC
2013-01-24 15:24:33,0.1,19.073795999999998,BTC
2013-01-24 15:29:26,1.02126142,19.023,BTC
2013-01-24 15:29:47,0.01063178,19.023,BTC
2013-01-24 15:30:51,0.01063178,19.0229898,BTC
2013-01-24 15:31:57,0.01063178,19.0229898,BTC
2013-01-24 15:38:27,0.01395867,19.022969399999997,BTC
2013-01-24 15:38:30,4.65509864,19.022969399999997,BTC
2013-01-24 15:38:54,0.01063178,19.0229898,BTC
2013-01-24 15:40:29,0.1,19.070532,BTC
2013-01-24 15:41:57,0.0004,19.070521799999998,BTC
2013-01-24 15:51:37,5.161e-05,19.165789800000002,BTC
2013-01-24 15:51:43,0.18205709,19.165789800000002,BTC
2013-01-24 15:51:46,0.00077132,19.165789800000002,BTC
2013-01-24 15:51:49,0.00059676,19.165789800000002,BTC
2013-01-24 15:51:51,0.00038418,19.165789800000002,BTC
2013-01-24 15:51:54,0.31078656,19.165789800000002,BTC
2013-01-24 16:35:48,0.001,19.2893832,BTC
2013-01-24 16:43:14,0.00017572,19.3911996,BTC
2013-01-24 16:43:18,0.0001862,19.3911996,BTC
2013-01-24 16:43:22,0.00023908,19.3911996,BTC
2013-01-24 16:43:40,0.1,19.3911894,BTC
2013-01-24 16:43:45,0.11150468,19.3911894,BTC
2013-01-24 16:44:49,0.00083026,19.4011038,BTC
2013-01-24 16:44:52,0.00085001,19.4011038,BTC
2013-01-24 16:44:55,0.00041062,19.4011038,BTC
2013-01-24 16:55:17,5.128e-05,19.535162399999997,BTC
2013-01-24 16:57:18,22.12,19.532989800000006,BTC
2013-01-24 17:06:43,4e-07,19.5024,BTC
2013-01-24 17:25:15,0.004,19.38,BTC
2013-01-24 17:25:17,0.00056161,19.38,BTC
2013-01-24 17:25:19,0.01363233,19.38,BTC
2013-01-24 17:25:21,0.00049743,19.38,BTC
2013-01-24 17:25:23,0.00069616,19.38,BTC
2013-01-24 17:25:24,0.0004,19.38,BTC
2013-01-24 17:25:26,0.00061768,19.38,BTC
2013-01-24 17:25:28,0.00067925,19.38,BTC
2013-01-24 17:25:30,0.0002002,19.38,BTC
2013-01-24 17:25:32,0.1,19.38,BTC
2013-01-24 17:25:34,0.00082137,19.38,BTC
2013-01-24 17:25:35,0.00109266,19.38,BTC
2013-01-24 17:25:37,0.00013859999999999998,19.38,BTC
2013-01-24 17:25:39,0.00128894,19.38,BTC
2013-01-24 17:25:41,0.06626569,19.38,BTC
2013-01-24 17:31:10,0.00156,19.278,BTC
2013-01-24 17:31:12,0.00080504,19.278,BTC
2013-01-24 17:31:17,0.00021575,19.278,BTC
2013-01-24 17:31:26,6.459999999999997e-05,19.278,BTC
2013-01-24 17:31:28,0.00236247,19.278,BTC
2013-01-24 17:31:31,0.000277,19.278,BTC
2013-01-24 17:31:33,0.00177318,19.278,BTC
2013-01-24 17:31:36,0.024,19.074,BTC
2013-01-24 17:31:38,0.01729126,19.074,BTC
2013-01-24 17:33:09,0.00094039,19.064973000000002,BTC
2013-01-24 17:33:13,0.00241003,19.064973000000002,BTC
2013-01-24 17:33:18,4.616e-05,19.064973000000002,BTC
2013-01-24 17:33:22,0.00267364,19.064973000000002,BTC
2013-01-24 17:33:24,0.00022712,19.064973000000002,BTC
2013-01-24 17:33:27,0.00141634,19.064973000000002,BTC
2013-01-24 17:33:31,0.18432529,19.064973000000002,BTC
2013-01-24 17:35:21,0.02,19.278,BTC
2013-01-24 17:38:29,0.039788300000000006,18.87,BTC
2013-01-24 17:38:31,0.0004,18.87,BTC
2013-01-24 17:38:34,0.00186686,18.87,BTC
2013-01-24 17:38:38,0.00090776,18.87,BTC
2013-01-24 17:38:41,0.00022067,18.87,BTC
2013-01-24 17:38:43,0.01166456,18.87,BTC
2013-01-24 17:38:48,0.0326756,18.87,BTC
2013-01-24 17:38:49,0.0004,18.87,BTC
2013-01-24 17:38:51,5.6399999999999995e-05,18.87,BTC
2013-01-24 17:38:53,0.011292,18.87,BTC
2013-01-24 17:38:55,4.984e-05,18.87,BTC
2013-01-24 17:38:57,0.0002213,18.87,BTC
2013-01-24 17:40:37,0.06149527,18.7782,BTC
2013-01-24 17:48:14,1.0,18.676189800000003,BTC
2013-01-24 17:49:50,2.0,18.7169898,BTC
2013-01-24 17:57:23,45.0,19.127754,BTC
2013-01-24 18:04:48,108.60946801,19.194921,BTC
2013-01-24 18:28:21,0.00134041,19.0093728,BTC
2013-01-24 18:28:25,0.00032911,19.0093728,BTC
2013-01-24 18:28:28,0.00070732,19.0093728,BTC
2013-01-24 18:53:06,0.00234325,18.564,BTC
2013-01-24 18:53:13,0.0022705,18.564,BTC
2013-01-24 18:55:35,1.0,18.1581624,BTC
2013-01-24 18:55:51,2.9,18.1581624,BTC
2013-01-24 18:56:09,3.5861300000000003,18.1581624,BTC
2013-01-24 18:57:00,20.0,18.36,BTC
2013-01-24 19:04:18,20.0,18.36,BTC
2013-01-24 19:06:02,20.0,18.3702,BTC
2013-01-24 19:13:00,10.0,18.570629999999998,BTC
2013-01-24 19:26:12,0.00019872,18.3563382,BTC
2013-01-24 19:26:15,0.0008,18.3563382,BTC
2013-01-24 19:26:19,0.0008,18.3563382,BTC
2013-01-24 19:26:22,0.0008,18.3563382,BTC
2013-01-24 19:26:25,0.00036849,18.3563382,BTC
2013-01-24 19:26:28,0.00018082,18.3563382,BTC
2013-01-24 19:26:31,0.00021337,18.3563382,BTC
2013-01-24 19:26:35,0.00021731,18.3563382,BTC
2013-01-24 19:26:38,0.00027048,18.3563382,BTC
2013-01-24 19:26:42,0.00042508,18.3563382,BTC
2013-01-24 19:26:45,0.00031228,18.3563382,BTC
2013-01-24 19:26:48,0.00102248,18.3563382,BTC
2013-01-24 19:28:09,0.2,18.3498,BTC
2013-01-24 19:28:31,4.72,18.3498,BTC
2013-01-24 19:29:11,0.04,18.348779999999998,BTC
2013-01-24 19:29:15,0.00022844,18.348779999999998,BTC
2013-01-24 19:38:23,30.0,18.054000000000002,BTC
2013-01-24 19:48:07,2.0,17.748,BTC
2013-01-24 20:04:58,20.0,17.136,BTC
2013-01-24 20:07:37,1.0,17.136,BTC
2013-01-24 20:08:35,0.006640000000000001,17.044597800000002,BTC
2013-01-24 20:08:36,0.1762671,17.044597800000002,BTC
2013-01-24 20:08:36,0.02771471,17.044597800000002,BTC
2013-01-24 20:08:43,0.02771471,17.044597800000002,BTC
2013-01-24 20:10:45,0.2,16.932000000000002,BTC
2013-01-24 20:12:56,1.0,16.932000000000002,BTC
2013-01-24 20:20:48,5.0,16.8310098,BTC
2013-01-24 20:33:52,0.00244,16.524,BTC
2013-01-24 20:33:57,4.04e-05,16.524,BTC
2013-01-24 20:34:03,0.002,16.524,BTC
2013-01-24 20:34:11,0.012,16.524,BTC
2013-01-24 20:34:16,0.005,16.524,BTC
2013-01-24 20:35:18,5.0,16.524,BTC
2013-01-24 21:00:15,41.0358,19.38,BTC
2013-01-24 21:06:49,170.0,17.085,BTC
2013-01-24 21:09:42,10.0,17.1462,BTC
2013-01-24 21:10:49,12.0,17.354789999999998,BTC
2013-01-24 21:12:53,0.00095307,17.3550042,BTC
2013-01-24 21:12:56,20.0,17.3550042,BTC
2013-01-24 21:13:34,0.048,17.3550042,BTC
2013-01-24 22:10:05,196.07132231,17.645898000000006,BTC
2013-01-24 22:18:04,3.0,17.646,BTC
2013-01-24 22:18:52,3.0,17.635116600000003,BTC
2013-01-24 22:19:53,0.1548915,17.6221932,BTC
2013-01-24 22:20:11,0.11092625,17.6319342,BTC
2013-01-24 22:20:27,0.1289085,17.617185,BTC
2013-01-24 22:20:54,20.0,17.613135600000003,BTC
2013-01-24 22:24:14,1.55929193,17.6256,BTC
2013-01-24 22:35:47,0.01215866,17.748,BTC
2013-01-24 22:35:54,0.02507452,17.748,BTC
2013-01-24 22:40:06,10.0,17.7540792,BTC
2013-01-24 22:41:48,10.0,17.7540792,BTC
2013-01-24 22:49:09,1.0,17.489022,BTC
2013-01-24 23:10:20,4.0,17.29818,BTC
2013-01-24 23:45:22,0.25123796,17.238,BTC
2013-01-25 00:21:09,0.2,16.999116,BTC
2013-01-25 00:36:19,33.95232317,17.0008398,BTC
2013-01-25 00:36:24,2.04767683,17.0008398,BTC
2013-01-25 00:49:11,20.0,16.983,BTC
2013-01-25 01:37:40,40.0,15.882175199999995,BTC
2013-01-25 01:43:43,1.61,16.32,BTC
2013-01-25 01:46:39,0.03368095,16.3675116,BTC
2013-01-25 01:47:44,0.23184000000000002,16.428834,BTC
2013-01-25 01:47:56,0.027030000000000002,16.412616,BTC
2013-01-25 01:50:08,0.54613055,16.418011800000002,BTC
2013-01-25 01:50:59,0.00081452,16.418011800000002,BTC
2013-01-25 01:51:05,0.04057126,16.418011800000002,BTC
2013-01-25 01:51:12,0.54613055,16.418011800000002,BTC
2013-01-25 01:52:30,0.67187148,16.3413792,BTC
2013-01-25 01:54:20,0.60435379,16.3292718,BTC
2013-01-25 02:00:50,18.95176141,16.4952972,BTC
2013-01-25 02:15:08,50.0,16.5728376,BTC
2013-01-25 02:17:19,5.2,16.8198,BTC
2013-01-25 02:17:41,4.0,16.964691000000002,BTC
2013-01-25 02:21:21,15.0,16.744146599999997,BTC
2013-01-25 02:27:37,10.0,16.625989800000006,BTC
2013-01-25 03:29:32,35.0,16.8299082,BTC
2013-01-25 03:33:24,0.1564948,16.8511548,BTC
2013-01-25 04:41:03,4.3,16.8289698,BTC
2013-01-25 04:46:46,20.0,16.868810999999994,BTC
2013-01-25 08:45:52,1.0,17.06256,BTC
2013-01-25 08:46:38,2.0,16.982989800000002,BTC
2013-01-25 08:53:08,5.0,16.9855092,BTC
2013-01-25 08:56:34,5.0,17.091069,BTC
2013-01-25 09:04:19,0.01,17.0595,BTC
2013-01-25 09:45:35,0.51987034,17.10438,BTC
2013-01-25 10:04:01,274.0,17.12019,BTC
2013-01-25 10:20:14,50.0,17.136,BTC
2013-01-25 10:22:32,0.01563153,17.1604392,BTC
2013-01-25 10:22:33,49.0,17.1604392,BTC
2013-01-25 11:36:36,0.75871129,17.212857,BTC
2013-01-25 11:36:36,0.00148746,17.212857,BTC
2013-01-25 11:36:36,0.00145119,17.212857,BTC
2013-01-25 11:36:36,0.07105124,17.212857,BTC
2013-01-25 11:36:37,200.0,17.212857,BTC
2013-01-25 13:12:23,0.2,17.317254000000002,BTC
2013-01-25 13:36:40,43.70297474,17.3297898,BTC
2013-01-25 13:44:24,0.30460473,17.34,BTC
2013-01-25 13:54:28,0.49762766,17.2451298,BTC
2013-01-25 14:15:15,1.0,17.3706,BTC
2013-01-25 14:47:51,0.008,17.5409298,BTC
2013-01-25 14:47:54,0.183616,17.5409298,BTC
2013-01-25 14:50:48,0.022609599999999997,17.5338,BTC
2013-01-25 14:54:24,0.036998800000000005,17.5338,BTC
2013-01-25 15:49:52,0.0193204,17.595,BTC
2013-01-25 15:49:59,0.0193204,17.595,BTC
2013-01-25 15:50:06,0.0013592,17.595,BTC
2013-01-25 15:54:50,0.00495516,17.5148382,BTC
2013-01-25 15:54:52,0.00876121,17.5148382,BTC
2013-01-25 16:16:24,24.21828495,17.6624934,BTC
2013-01-25 16:21:10,1.1122299999999998,17.7367698,BTC
2013-01-25 16:22:09,11.1328337,17.748,BTC
2013-01-25 16:22:48,1.97757131,17.7683898,BTC
2013-01-25 16:26:49,1.26535508,17.782924800000004,BTC
2013-01-25 16:30:31,0.08961799999999999,17.6358,BTC
2013-01-25 16:34:42,0.06,17.746979999999994,BTC
2013-01-25 17:14:16,0.0047527,17.85,BTC
2013-01-25 17:23:13,0.00345434,18.105,BTC
2013-01-25 17:23:33,0.00309434,18.105,BTC
2013-01-25 17:24:14,0.16,18.1419342,BTC
2013-01-25 17:32:55,0.00181981,18.0314478,BTC
2013-01-25 17:32:58,0.00574637,18.0314478,BTC
2013-01-25 17:33:01,0.00089524,18.0314478,BTC
2013-01-25 17:33:04,0.00088656,18.0314478,BTC
2013-01-25 17:51:15,1.0,18.052979999999998,BTC
2013-01-25 17:53:27,0.02,18.0322536,BTC
2013-01-25 18:54:04,5.0,17.442,BTC
2013-01-25 18:55:15,2.91000271,17.33898,BTC
2013-01-25 18:57:50,5.0,17.136,BTC
2013-01-25 19:04:06,10.0,17.412675,BTC
2013-01-25 19:24:19,20.0,17.634382199999994,BTC
2013-01-25 20:14:33,5.0,17.5134,BTC
2013-01-25 20:30:57,1.6,17.595,BTC
2013-01-25 21:30:58,40.0,17.849989800000003,BTC
2013-01-25 21:32:22,20.0,17.7786,BTC
2013-01-25 21:35:17,2.5,17.7378,BTC
2013-01-25 23:29:19,50.0,17.748,BTC
2013-01-26 01:29:22,2.3,17.381514000000006,BTC
2013-01-26 04:16:51,0.1,17.3399898,BTC
2013-01-26 07:21:39,0.11,17.120394,BTC
2013-01-26 07:41:26,40.0,17.1936402,BTC
2013-01-26 08:09:05,0.1,17.2414578,BTC
2013-01-26 08:23:06,25.0,17.3017908,BTC
2013-01-26 10:30:29,0.01,17.2575228,BTC
2013-01-26 11:23:37,3.38,17.2482,BTC
2013-01-26 11:45:53,0.59241706,17.2176,BTC
2013-01-26 12:53:13,27.7,17.217498000000006,BTC
2013-01-26 14:43:38,2.0,17.2073796,BTC
2013-01-26 16:17:39,4.0,17.2176,BTC
2013-01-26 16:25:13,100.0,17.258389800000003,BTC
2013-01-26 16:34:54,3.0,17.3399898,BTC
2013-01-26 16:34:57,5.0,17.3399898,BTC
2013-01-26 16:35:02,1.0,17.3399898,BTC
2013-01-26 16:51:42,5.38674502,17.43894,BTC
2013-01-26 16:52:43,6.1,17.4419898,BTC
2013-01-26 16:53:02,4.23242224,17.43078,BTC
2013-01-26 16:54:19,0.01864309,17.4419898,BTC
2013-01-26 16:58:41,6.03366178,17.442,BTC
2013-01-26 17:03:41,0.01565077,17.483748600000002,BTC
2013-01-26 17:06:14,0.05157733,17.5093812,BTC
2013-01-26 17:14:40,100.0,17.5337898,BTC
2013-01-26 18:04:37,0.6,17.5032,BTC
2013-01-26 18:18:17,0.03157765,17.5325658,BTC
2013-01-26 18:20:57,10.0,17.532576000000002,BTC
2013-01-26 18:22:01,10.0,17.532576000000002,BTC
2013-01-26 18:22:37,5.0,17.532576000000002,BTC
2013-01-26 20:03:33,0.11,17.5337898,BTC
2013-01-26 20:26:54,1.0,17.544,BTC
2013-01-26 20:45:28,0.22,17.6061384,BTC
2013-01-26 21:13:05,50.0,17.5134,BTC
2013-01-26 21:15:11,50.0,17.608158,BTC
2013-01-26 21:17:50,0.1,17.6336376,BTC
2013-01-26 21:22:17,0.1,17.65926,BTC
2013-01-26 21:23:23,2.0,17.658342,BTC
2013-01-26 21:38:23,1.0,17.676569399999995,BTC
2013-01-26 23:02:06,1.0,17.8729398,BTC
2013-01-26 23:02:21,5.0,17.8729398,BTC
2013-01-26 23:03:29,47.9007503,17.7934716,BTC
2013-01-26 23:03:57,2.91029585,17.901,BTC
2013-01-26 23:05:02,0.15188659,17.8207362,BTC
2013-01-26 23:05:33,2.93615118,17.8193592,BTC
2013-01-26 23:06:10,0.06242655,17.8682376,BTC
2013-01-26 23:07:21,1.31998178,17.8281414,BTC
2013-01-26 23:41:45,40.0,17.85,BTC
2013-01-26 23:47:41,0.1,18.0115272,BTC
2013-01-27 01:24:16,5.0,17.9509698,BTC
2013-01-27 01:35:02,5.0,17.8529274,BTC
2013-01-27 02:50:18,4.5600000000000004e-05,17.894115,BTC
2013-01-27 02:50:19,0.002412,17.894115,BTC
2013-01-27 02:50:20,0.00235274,17.894115,BTC
2013-01-27 02:57:16,5.0,17.894115,BTC
2013-01-27 10:13:10,3.0,17.645989800000006,BTC
2013-01-27 10:44:52,0.69,17.646,BTC
2013-01-27 12:33:51,5.0,17.7428898,BTC
2013-01-27 12:40:42,3.0,17.7428898,BTC
2013-01-27 12:52:50,25.0,17.7445218,BTC
2013-01-27 12:53:48,5.0,17.744532,BTC
2013-01-27 12:58:22,0.03,17.748,BTC
2013-01-27 13:24:10,0.05567382,17.8908306,BTC
2013-01-27 13:24:19,0.02432618,17.901,BTC
2013-01-27 13:34:51,25.0,17.952,BTC
2013-01-27 15:19:08,0.001,18.1036128,BTC
2013-01-27 16:25:17,0.1249712,18.0539796,BTC
2013-01-27 16:28:50,5.0,18.054000000000002,BTC
2013-01-27 16:39:00,5.0,17.9928,BTC
2013-01-27 18:50:34,0.2,18.1956474,BTC
2013-01-27 18:53:02,0.1,18.1788888,BTC
2013-01-27 18:59:49,0.1,18.1509,BTC
2013-01-27 19:16:32,0.1,18.1509,BTC
2013-01-27 19:20:23,0.1,18.1508898,BTC
2013-01-27 20:35:24,3.0,18.1152,BTC
2013-01-27 23:39:27,1.0,18.258,BTC
2013-01-27 23:41:34,0.1,18.2977698,BTC
2013-01-27 23:43:55,1.0,18.29778,BTC
2013-01-27 23:47:43,0.1,18.278053200000002,BTC
2013-01-27 23:50:55,0.1,18.2579898,BTC
2013-01-28 00:28:39,2.0,18.2396196,BTC
2013-01-28 00:31:49,0.1,18.2376,BTC
2013-01-28 00:35:39,0.2,18.296352,BTC
2013-01-28 01:35:08,4.0,18.166230600000002,BTC
2013-01-28 01:37:11,0.1,18.2885898,BTC
2013-01-28 07:39:03,10.1659,18.3375498,BTC
2013-01-28 07:58:01,0.02263411,18.309,BTC
2013-01-28 07:58:06,0.00248805,18.309,BTC
2013-01-28 08:32:17,0.05279169999999999,18.36,BTC
2013-01-28 08:32:41,20.0,18.36,BTC
2013-01-28 08:36:23,3.0,18.3599898,BTC
2013-01-28 09:31:48,0.7,18.3804,BTC
2013-01-28 09:45:06,50.0,18.462,BTC
2013-01-28 09:56:21,17.6048,18.47322,BTC
2013-01-28 10:47:03,2.0,18.4926,BTC
2013-01-28 11:44:54,1.0,18.586419600000006,BTC
2013-01-28 11:46:51,0.02,18.58644,BTC
2013-01-28 11:56:01,1.0,18.5136018,BTC
2013-01-28 11:59:33,1.0,18.5135916,BTC
2013-01-28 14:12:00,0.02581282,18.564,BTC
2013-01-28 14:20:33,2.9819999999999998,18.564,BTC
2013-01-28 14:37:07,0.59,18.512989800000003,BTC
2013-01-28 15:23:09,0.0356,18.4599498,BTC
2013-01-28 17:25:06,92.08816653,18.627851999999997,BTC
2013-01-28 17:25:54,0.05661308,18.6636438,BTC
2013-01-28 17:28:05,2.0,18.665989800000002,BTC
2013-01-28 17:29:42,5.0,18.666,BTC
2013-01-28 17:32:08,9.206,18.66498,BTC
2013-01-28 17:34:29,2.75,18.665989800000002,BTC
2013-01-28 17:34:30,40.0,18.665989800000002,BTC
2013-01-28 17:35:59,10.0,18.666,BTC
2013-01-28 17:36:42,5.0,18.6905412,BTC
2013-01-28 17:37:02,6.20147,18.704964,BTC
2013-01-28 17:37:16,5.0,18.717,BTC
2013-01-28 17:37:24,26.771246,18.717,BTC
2013-01-28 17:39:20,9.75950351,18.717612,BTC
2013-01-28 17:41:06,29.56614413,18.717,BTC
2013-01-28 17:41:31,3.0,18.7471002,BTC
2013-01-28 17:42:08,0.17341775,18.767898000000002,BTC
2013-01-28 17:42:44,1.16335821,18.7681326,BTC
2013-01-28 17:43:01,0.0294449,18.776772,BTC
2013-01-28 17:43:03,10.0,18.776772,BTC
2013-01-28 17:49:11,1.08598788,18.7984674,BTC
2013-01-28 18:08:21,0.28853411,18.794407800000002,BTC
2013-01-28 18:36:07,0.12998099,18.7567698,BTC
2013-01-28 18:36:46,1.32486434,18.794428200000002,BTC
2013-01-28 18:37:17,9.9199584,18.794418,BTC
2013-01-28 18:37:36,0.99824655,18.794418,BTC
2013-01-28 18:41:42,4.51345507,18.794418,BTC
2013-01-28 18:42:08,0.23267244,18.8189796,BTC
2013-01-28 19:32:55,46.0,18.9208674,BTC
2013-01-28 19:54:09,96.7,18.971989800000006,BTC
2013-01-28 23:23:41,45.0,19.2321,BTC
2013-01-28 23:34:01,1.0,19.134792,BTC
2013-01-28 23:37:03,1.0,19.226989800000002,BTC
2013-01-28 23:40:29,0.03475208,19.1759898,BTC
2013-01-28 23:49:50,0.1,19.176,BTC
2013-01-28 23:57:21,1.0,19.176,BTC
2013-01-29 00:14:15,1.0,19.1759898,BTC
2013-01-29 00:30:09,1.0,19.2248478,BTC
2013-01-29 00:44:35,0.5,19.198450199999996,BTC
2013-01-29 01:04:44,1.0,19.1759898,BTC
2013-01-29 01:13:40,0.41,19.145410199999997,BTC
2013-01-29 03:21:43,12.63035796,19.2777858,BTC
2013-01-29 04:39:03,1.0,19.2677592,BTC
2013-01-29 04:51:14,1.0,19.2757254,BTC
2013-01-29 05:04:34,1.0,19.2882,BTC
2013-01-29 05:05:50,1.0,19.2882,BTC
2013-01-29 07:08:29,0.17397314,19.671199800000004,BTC
2013-01-29 07:20:50,3.0,19.6859898,BTC
2013-01-29 07:31:27,0.23622591,19.5126306,BTC
2013-01-29 07:37:52,0.22861086,19.5329694,BTC
2013-01-29 07:51:03,0.00104038,19.667680800000007,BTC
2013-01-29 07:56:00,0.31515,19.6388352,BTC
2013-01-29 08:25:31,5.0,19.6134066,BTC
2013-01-29 09:35:20,3.0,19.9767,BTC
2013-01-29 09:39:47,3.0,20.0838,BTC
2013-01-29 10:29:52,1.3675195,19.8847572,BTC
2013-01-29 11:10:52,2.3306492000000003,19.665059399999997,BTC
2013-01-29 12:12:17,0.002,19.227,BTC
2013-01-29 12:17:44,4.17960814,19.45038,BTC
2013-01-29 12:17:48,3.0,19.45038,BTC
2013-01-29 12:17:53,5.0,19.45038,BTC
2013-01-29 12:17:58,5.0,19.4503698,BTC
2013-01-29 13:00:21,20.0,19.3183206,BTC
2013-01-29 13:46:09,5.0,19.3695756,BTC
2013-01-29 14:04:02,0.3,19.430999999999997,BTC
2013-01-29 14:07:29,0.15,19.4514,BTC
2013-01-29 14:11:45,0.00019813,19.4956476,BTC
2013-01-29 14:11:45,0.00059063,19.4956476,BTC
2013-01-29 14:11:46,0.00069202,19.4956476,BTC
2013-01-29 14:11:46,0.00078608,19.4956476,BTC
2013-01-29 14:11:46,0.00501666,19.4956476,BTC
2013-01-29 14:11:47,30.0,19.4956476,BTC
2013-01-29 14:15:38,5.0,19.560999,BTC
2013-01-29 14:15:42,5.0,19.5609888,BTC
2013-01-29 14:15:45,5.0,19.5609888,BTC
2013-01-29 14:34:25,0.00132057,19.788,BTC
2013-01-29 14:34:29,0.00021121,19.788,BTC
2013-01-29 14:34:33,0.00125942,19.788,BTC
2013-01-29 14:34:38,0.00134811,19.788,BTC
2013-01-29 14:34:42,0.00134842,19.788,BTC
2013-01-29 14:34:46,0.00021109999999999998,19.788,BTC
2013-01-29 14:34:51,0.00058332,19.788,BTC
2013-01-29 14:34:56,0.00079076,19.788,BTC
2013-01-29 14:35:00,0.00021098,19.788,BTC
2013-01-29 14:35:04,0.00221228,19.788,BTC
2013-01-29 14:35:24,0.0004,19.7777898,BTC
2013-01-29 14:35:29,0.00146052,19.7777898,BTC
2013-01-29 14:35:33,0.00203263,19.8777294,BTC
2013-01-29 14:36:59,0.004,19.850036399999997,BTC
2013-01-29 14:38:13,1.0,19.84818,BTC
2013-01-29 19:01:47,0.02,19.941,BTC
2013-01-29 19:01:47,0.259908,19.941,BTC
2013-01-29 19:01:48,0.004,19.941,BTC
2013-01-29 19:01:48,0.02874247,19.941,BTC
2013-01-29 19:11:28,0.02546104,19.8899898,BTC
2013-01-29 19:36:01,9.0,19.8797694,BTC
2013-01-29 20:20:02,0.00481296,19.7339298,BTC
2013-01-29 20:31:06,35.0,19.6554,BTC
2013-01-29 20:45:47,1.0,19.6655592,BTC
2013-01-29 21:35:54,2.0,19.5533898,BTC
2013-01-29 22:16:52,4.0,19.6167114,BTC
2013-01-29 22:19:02,5.0,19.6655796,BTC
2013-01-29 22:20:22,5.0,19.6859898,BTC
2013-01-29 22:32:41,10.0,19.7879898,BTC
2013-01-29 22:41:49,5.0,19.75638,BTC
2013-01-29 22:51:27,5.0,19.73802,BTC
2013-01-29 23:42:04,1.0,19.89,BTC
2013-01-29 23:53:20,2.36,19.937919600000004,BTC
2013-01-30 00:32:20,22.0,19.9399698,BTC
2013-01-30 00:39:07,0.5,19.8855936,BTC
2013-01-30 00:43:26,0.1,19.8889698,BTC
2013-01-30 00:53:25,5.0,19.7066244,BTC
2013-01-30 00:58:36,10.0,19.637652,BTC
2013-01-30 01:50:02,0.3,19.771863600000003,BTC
2013-01-30 01:57:04,0.3,19.863225,BTC
2013-01-30 04:03:33,25.0,19.6524318,BTC
2013-01-30 06:34:40,0.0059228,19.788,BTC
2013-01-30 12:06:03,15.0,19.737,BTC
2013-01-30 12:40:30,1.0,19.635,BTC
2013-01-30 15:52:57,0.7727728,19.9919694,BTC
2013-01-30 16:17:57,0.02577244,19.9715898,BTC
2013-01-30 16:24:06,0.03612312,19.9409898,BTC
2013-01-30 16:32:04,0.01,19.9462734,BTC
2013-01-30 17:43:58,12.80922156,20.0276694,BTC
2013-01-30 17:44:26,0.2,20.0226,BTC
2013-01-30 17:50:12,0.02489412,20.0399298,BTC
2013-01-30 17:54:12,0.3761399,20.056617000000006,BTC
2013-01-30 20:15:52,57.0,20.1449898,BTC
2013-01-30 20:17:47,1.0,20.1654,BTC
2013-01-30 20:17:48,1.0,20.1654,BTC
2013-01-30 20:17:50,1.0,20.1654,BTC
2013-01-30 20:17:52,1.0,20.1654,BTC
2013-01-30 20:17:54,1.0,20.1654,BTC
2013-01-30 20:17:55,1.0,20.1654,BTC
2013-01-30 20:17:57,1.0,20.1654,BTC
2013-01-30 20:17:59,1.0,20.1654,BTC
2013-01-30 20:18:01,1.0,20.1654,BTC
2013-01-30 20:18:20,1.0,20.1654,BTC
2013-01-30 20:18:22,1.0,20.1654,BTC
2013-01-30 20:18:24,1.0,20.1654,BTC
2013-01-30 20:18:25,1.0,20.1449796,BTC
2013-01-30 20:18:27,1.0,20.1449796,BTC
2013-01-30 20:18:29,1.0,20.1449796,BTC
2013-01-30 20:18:30,1.0,20.1449796,BTC
2013-01-30 20:18:32,1.0,20.1449796,BTC
2013-01-30 20:24:41,5.0,20.1653592,BTC
2013-01-30 20:25:59,5.0,20.1653796,BTC
2013-01-30 20:54:51,0.01003423,20.0837898,BTC
2013-01-30 21:05:27,0.0270055,20.057076,BTC
2013-01-30 21:22:34,0.1,20.022498,BTC
2013-01-30 21:24:44,0.1,20.022498,BTC
2013-01-30 21:49:37,0.00013724,19.9818,BTC
2013-01-30 21:56:29,12.34106923,20.022447,BTC
2013-01-30 21:58:37,1.53357294,20.0591568,BTC
2013-01-30 22:00:42,1.53357294,20.0591568,BTC
2013-01-30 22:01:08,5.0,20.059116,BTC
2013-01-30 22:09:46,0.00610816,20.1449898,BTC
2013-01-30 22:16:06,0.00222252,20.145,BTC
2013-01-30 22:16:55,0.00162289,20.093989800000006,BTC
2013-01-30 22:23:35,4.43756961,20.093989800000006,BTC
2013-01-30 22:24:08,4.98836343,20.128731,BTC
2013-01-30 22:25:57,1.5299,20.1144,BTC
2013-01-30 22:26:30,4.78423726,20.1551898,BTC
2013-01-30 22:27:21,0.03027638,20.1653898,BTC
2013-01-30 22:27:35,0.01839961,20.1755898,BTC
2013-01-30 22:31:09,0.00162042,20.1756,BTC
2013-01-30 22:31:33,0.05205561,20.1763038,BTC
2013-01-30 22:35:51,0.00162042,20.1754878,BTC
2013-01-30 22:41:16,0.3583926,20.1756,BTC
2013-01-30 23:13:57,0.01273846,20.1449898,BTC
2013-01-31 00:06:53,0.09879747,20.1791088,BTC
2013-01-31 00:30:37,0.1,20.0848302,BTC
2013-01-31 00:32:48,0.1,20.0848302,BTC
2013-01-31 00:53:38,2.0,20.2468266,BTC
2013-01-31 01:08:19,0.6,20.2163286,BTC
2013-01-31 01:28:28,0.22,20.145,BTC
2013-01-31 04:05:38,4.0,20.2736016,BTC
2013-01-31 04:34:34,0.22,20.28372,BTC
2013-01-31 04:49:05,2.0,20.2929,BTC
2013-01-31 04:52:24,1.0,20.2929,BTC
2013-01-31 04:58:04,0.5,20.2929,BTC
2013-01-31 05:01:47,0.5,20.2929,BTC
2013-01-31 05:06:17,0.5,20.2929,BTC
2013-01-31 05:08:13,0.6,20.2929,BTC
2013-01-31 05:14:15,2.0,20.2368,BTC
2013-01-31 05:18:13,0.2,20.2929,BTC
2013-01-31 06:32:24,55.62882247,20.298,BTC
2013-01-31 07:27:05,25.0,20.2673898,BTC
2013-01-31 07:54:13,0.07730428,20.2928898,BTC
2013-01-31 08:39:07,103.0,20.38062,BTC
2013-01-31 08:42:28,0.00109499,20.3897694,BTC
2013-01-31 08:42:28,40.0,20.3897694,BTC
2013-01-31 08:43:01,414.0,20.3898,BTC
2013-01-31 08:46:28,10.0,20.39184,BTC
2013-01-31 08:47:34,10.0,20.399694,BTC
2013-01-31 08:54:55,5.536e-05,20.400306,BTC
2013-01-31 08:54:58,0.00100275,20.400306,BTC
2013-01-31 08:55:07,0.6333,20.400306,BTC
2013-01-31 08:55:27,0.04406571,20.4173298,BTC
2013-01-31 08:56:49,0.83110247,20.502,BTC
2013-01-31 08:58:25,0.0122783,20.8079796,BTC
2013-01-31 08:59:00,1.0,20.8079898,BTC
2013-01-31 08:59:04,1.0,20.8079898,BTC
2013-01-31 08:59:08,1.0,20.8079898,BTC
2013-01-31 08:59:12,1.0,20.8079898,BTC
2013-01-31 09:00:04,0.20968378,20.8079898,BTC
2013-01-31 09:01:29,0.5,20.618637,BTC
2013-01-31 09:38:11,0.02186309,20.797698,BTC
2013-01-31 09:39:47,9.36132868,20.91306,BTC
2013-01-31 09:40:49,7.81833011,20.9303796,BTC
2013-01-31 09:41:07,1.3450707,20.950789800000006,BTC
2013-01-31 09:42:00,5.40707494,20.961,BTC
2013-01-31 09:45:16,0.02862635,21.07116,BTC
2013-01-31 09:52:00,4.33,20.9099796,BTC
2013-01-31 09:54:09,13.41210134,20.9098776,BTC
2013-01-31 09:56:28,8.84015165,20.9099898,BTC
2013-01-31 10:02:18,0.12992653,20.889589800000003,BTC
2013-01-31 10:05:44,0.11877768,20.9609796,BTC
2013-01-31 10:19:56,0.01664324,20.8589898,BTC
2013-01-31 10:22:18,0.12407571,20.9704758,BTC
2013-01-31 10:27:43,0.01386578,21.011694,BTC
2013-01-31 10:39:31,3.0,20.9406,BTC
2013-01-31 10:41:34,1.0,20.961,BTC
2013-01-31 10:42:00,3.0,21.0119898,BTC
2013-01-31 10:43:19,0.43550349,21.12216,BTC
2013-01-31 10:59:14,12.0,20.9304,BTC
2013-01-31 11:00:45,2.0,20.9304,BTC
2013-01-31 11:06:19,0.46737539,20.9915796,BTC
2013-01-31 11:06:44,0.04711728,21.012,BTC
2013-01-31 11:08:43,0.02222671,21.012,BTC
2013-01-31 11:11:00,5.35106,21.08034,BTC
2013-01-31 11:11:15,0.13224135,21.104106,BTC
2013-01-31 11:11:37,0.02504662,21.1037796,BTC
2013-01-31 11:15:16,0.09117286,21.1642452,BTC
2013-01-31 11:20:09,0.01636155,21.1139694,BTC
2013-01-31 11:22:16,0.010992,21.0936,BTC
2013-01-31 11:25:37,0.01157352,21.1139898,BTC
2013-01-31 11:37:46,0.010369,21.0834,BTC
2013-01-31 11:41:42,0.35355704,21.083389800000006,BTC
2013-01-31 11:54:47,0.43771969,20.8998,BTC
2013-01-31 11:56:47,0.10655,21.0318492,BTC
2013-01-31 12:36:49,0.99,20.826819,BTC
2013-01-31 12:40:12,31.04,20.808000000000003,BTC
2013-01-31 12:40:57,4.0,20.7978,BTC
2013-01-31 12:47:19,3.0,20.9390904,BTC
2013-01-31 12:50:51,1.0,20.9914776,BTC
2013-01-31 12:51:07,1.0,20.9914776,BTC
2013-01-31 12:52:14,4.0,21.0119694,BTC
2013-01-31 13:02:27,6.0,21.0845118,BTC
2013-01-31 13:09:00,8.0,21.0899382,BTC
2013-01-31 13:21:43,8.0,20.907144,BTC
2013-01-31 13:39:52,5.0,20.8385694,BTC
2013-01-31 13:59:44,5.0,20.7264,BTC
2013-01-31 14:10:54,0.76197575,20.8385898,BTC
2013-01-31 14:15:48,3.4927620000000004,20.9925486,BTC
2013-01-31 14:16:29,0.90207203,21.0384486,BTC
2013-01-31 14:16:54,14.07686098,21.0935898,BTC
2013-01-31 14:18:20,4.74228,21.072333,BTC
2013-01-31 14:34:19,1.58362362,21.061572,BTC
2013-01-31 14:35:17,1.0,21.09258,BTC
2013-01-31 14:39:09,0.25010801,21.0933756,BTC
2013-01-31 14:39:40,1.45838038,21.0933858,BTC
2013-01-31 15:03:15,7.18802425,21.0364698,BTC
2013-01-31 15:15:17,0.4,21.2215692,BTC
2013-01-31 15:19:43,0.03170368,21.2261898,BTC
2013-01-31 15:33:01,8.83943525,21.3179796,BTC
2013-01-31 15:33:41,5.5598,21.317989800000007,BTC
2013-01-31 15:37:56,3.60076475,21.3282,BTC
2013-01-31 15:39:00,1.0,21.4098,BTC
2013-01-31 15:39:04,1.0,21.419989800000003,BTC
2013-01-31 15:39:06,50.0,21.419989800000003,BTC
2013-01-31 15:39:52,1.0,21.421122,BTC
2013-01-31 15:40:14,50.0,21.4211322,BTC
2013-01-31 15:43:17,14.0,21.518787,BTC
2013-01-31 15:44:43,50.0,21.5612904,BTC
2013-01-31 15:47:34,2.0,21.6851898,BTC
2013-01-31 15:50:21,3.67515077,21.664698,BTC
2013-01-31 15:56:28,25.0,21.6852,BTC
2013-01-31 16:13:42,100.0,21.2976,BTC
2013-01-31 16:26:21,5.0,21.3475698,BTC
2013-01-31 16:28:56,10.6705439,21.42,BTC
2013-01-31 16:31:12,10.0,21.624,BTC
2013-01-31 16:40:45,100.0,21.6954,BTC
2013-01-31 18:03:47,8.03689,21.165,BTC
2013-01-31 18:03:55,5.97689,21.165,BTC
2013-01-31 18:03:57,5.9862199999999985,21.165,BTC
2013-01-31 18:05:09,75.0,21.1548,BTC
2013-01-31 18:33:23,100.0,21.6138,BTC
2013-01-31 18:34:26,73.57414449,21.624,BTC
2013-01-31 18:34:59,1.28436883,21.6239796,BTC
2013-01-31 18:35:30,0.33958752,21.72498,BTC
2013-01-31 18:35:40,23.59498575,21.7259796,BTC
2013-01-31 18:44:48,0.1,21.726,BTC
2013-01-31 19:06:55,2.0,21.471,BTC
2013-01-31 19:17:14,2.5,21.5832,BTC
2013-01-31 19:33:24,0.0196988,21.6495918,BTC
2013-01-31 20:25:21,0.22,21.6647898,BTC
2013-01-31 20:27:35,0.2,21.6647694,BTC
2013-01-31 20:31:59,0.2,21.6646878,BTC
2013-01-31 20:37:26,40.0,21.522,BTC
2013-01-31 20:43:12,21.79386143,21.5729898,BTC
2013-01-31 21:25:12,0.1,21.216,BTC
2013-01-31 21:30:49,0.012,21.1312992,BTC
2013-01-31 21:34:04,0.025264,21.1242,BTC
2013-01-31 21:38:32,5.1,21.1333494,BTC
2013-01-31 21:42:31,20.0,20.9915898,BTC
2013-01-31 22:03:04,58.7,20.9915898,BTC
2013-01-31 22:40:23,4.0,21.0109698,BTC
2013-01-31 22:43:09,21.0,21.010959600000003,BTC
2013-01-31 23:27:53,15.0,21.0594198,BTC
2013-02-01 00:08:15,0.00714868,21.0527796,BTC
2013-02-01 00:16:24,25.72300177,21.06555,BTC
2013-02-01 00:16:25,63.0,21.06555,BTC
2013-02-01 00:41:05,465.42,21.165,BTC
2013-02-01 00:41:39,5.0,21.215989800000006,BTC
2013-02-01 00:51:25,5.0,21.29658,BTC
2013-02-01 00:54:47,0.5,20.8182,BTC
2013-02-01 00:56:42,5.0,21.1281678,BTC
2013-02-01 05:43:50,100.0,21.419989800000003,BTC
2013-02-01 06:10:53,100.0,21.48018,BTC
2013-02-01 06:53:46,0.1575,21.419989800000003,BTC
2013-02-01 08:05:53,3.0,21.205698,BTC
2013-02-01 10:54:03,4.0,21.2109,BTC
2013-02-01 13:00:34,0.02814102,21.1139898,BTC
2013-02-01 14:09:28,1.0,21.2159796,BTC
2013-02-01 14:26:43,2.7,21.2057898,BTC
2013-02-01 14:42:37,1.0,21.2058,BTC
2013-02-01 14:46:57,1.0,21.205698,BTC
2013-02-01 16:01:39,0.00314774,21.2262102,BTC
2013-02-01 16:17:42,0.47010625,21.1142448,BTC
2013-02-01 18:58:52,0.39800369,21.470796,BTC
2013-02-01 21:25:01,0.45464481,21.251445,BTC
2013-02-01 21:56:28,6.0,21.318,BTC
2013-02-01 22:30:44,75.0,21.2058,BTC
2013-02-01 22:35:58,5.0,21.1281678,BTC
2013-02-01 22:53:02,40.0,20.9406,BTC
2013-02-01 23:26:45,10.0,20.8896,BTC
2013-02-01 23:29:46,1.0,20.8539102,BTC
2013-02-02 00:02:54,0.00153953,19.98040196,BTC
2013-02-02 00:38:16,0.001,20.7264,BTC
2013-02-02 00:38:35,0.001,20.7162,BTC
2013-02-02 00:38:51,0.001,20.7162,BTC
2013-02-02 00:38:55,0.001,20.7162,BTC
2013-02-02 01:06:01,100.0,20.7549396,BTC
2013-02-02 01:07:51,0.2,20.7118548,BTC
2013-02-02 07:00:26,200.0,20.655,BTC
2013-02-02 07:05:30,0.04354718,20.604,BTC
2013-02-02 07:48:07,0.0004,20.2572,BTC
2013-02-02 07:52:07,0.20812856,20.3657484,BTC
2013-02-02 07:52:14,0.08103539,20.3657484,BTC
2013-02-02 07:52:16,120.0,20.3657484,BTC
2013-02-02 07:58:00,0.00079741,19.992,BTC
2013-02-02 08:00:02,0.1,19.788,BTC
2013-02-02 08:07:49,0.0004,19.3698,BTC
2013-02-02 08:10:11,0.0002182,19.3698,BTC
2013-02-02 08:17:00,0.07515361,19.2678,BTC
2013-02-02 08:17:05,120.0,19.2678,BTC
2013-02-02 08:19:42,0.00345506,19.277898,BTC
2013-02-02 08:23:10,0.03341294,18.972,BTC
2013-02-02 08:26:31,0.00395998,19.0842,BTC
2013-02-02 08:26:32,0.00022915,19.0842,BTC
2013-02-02 08:26:32,0.00022724,19.0842,BTC
2013-02-02 08:26:32,0.00022751,19.0842,BTC
2013-02-02 08:26:33,0.00022778,19.0842,BTC
2013-02-02 08:26:33,0.00022586,19.0842,BTC
2013-02-02 08:26:33,0.00022612,19.0842,BTC
2013-02-02 08:26:33,0.37331409,19.0842,BTC
2013-02-02 08:36:34,44.8,18.988779,BTC
2013-02-02 08:47:47,0.4,19.3698,BTC
2013-02-02 08:52:42,0.00028072,19.6758,BTC
2013-02-02 08:54:26,20.0,19.6656,BTC
2013-02-02 08:57:42,100.0,19.532989800000006,BTC
2013-02-02 08:58:11,4.0,19.532989800000006,BTC
2013-02-02 09:06:02,20.0,19.2576,BTC
2013-02-02 09:15:04,180.0,19.24434,BTC
2013-02-02 09:17:59,20.0,19.3927806,BTC
2013-02-02 09:25:55,40.0,19.6757694,BTC
2013-02-02 09:32:50,500.0,19.6757898,BTC
2013-02-02 09:33:54,12.0,19.5942,BTC
2013-02-02 09:35:42,5.0,19.63449,BTC
2013-02-02 09:50:53,100.0,19.89,BTC
2013-02-02 09:53:29,83.0,20.094,BTC
2013-02-02 10:10:41,0.00025967,19.6758,BTC
2013-02-02 11:22:16,0.036000000000000004,19.7369898,BTC
2013-02-02 11:40:48,0.015984,19.7880918,BTC
2013-02-02 11:41:52,17.0,19.7880918,BTC
2013-02-02 11:47:37,23.41180662,19.8693858,BTC
2013-02-02 11:50:42,32.19476835,19.8868992,BTC
2013-02-02 11:57:03,12.8,19.8899898,BTC
2013-02-02 11:58:56,200.0,19.9341252,BTC
2013-02-02 12:46:28,0.10786533,20.196,BTC
2013-02-02 14:10:33,1.0,20.1959796,BTC
2013-02-02 15:31:40,0.336,20.1027108,BTC
2013-02-02 15:42:39,2.714,20.0908992,BTC
2013-02-02 15:45:30,1.002,20.086758,BTC
2013-02-02 16:44:44,0.004,20.2388298,BTC
2013-02-02 16:45:07,5.104e-05,20.2545684,BTC
2013-02-02 16:45:10,1.0,20.2545684,BTC
2013-02-02 16:57:03,0.004,20.2776,BTC
2013-02-02 16:58:39,0.001,20.2776,BTC
2013-02-02 17:10:21,6.0,20.3173698,BTC
2013-02-02 17:12:20,23.5,20.31738,BTC
2013-02-02 17:15:42,0.965,20.31738,BTC
2013-02-02 17:16:23,12.0,20.31738,BTC
2013-02-02 17:45:51,8.95,20.4,BTC
2013-02-02 17:46:50,0.1,20.4509898,BTC
2013-02-02 18:00:21,1.0,20.4,BTC
2013-02-02 18:02:08,0.03,20.3997858,BTC
2013-02-02 18:08:51,0.00361581,20.4988992,BTC
2013-02-02 18:29:10,46.0,20.502,BTC
2013-02-02 18:38:15,108.02315053,20.491789800000006,BTC
2013-02-02 19:14:52,4e-05,20.26638,BTC
2013-02-02 19:14:54,0.96557204,20.26638,BTC
2013-02-02 19:14:56,0.02323368,20.26638,BTC
2013-02-02 19:14:58,0.00010196,20.26638,BTC
2013-02-02 19:15:00,0.0027600000000000003,20.26638,BTC
2013-02-02 19:15:02,0.00040304,20.26638,BTC
2013-02-02 19:15:04,0.00053644,20.26638,BTC
2013-02-02 19:15:06,0.00027108,20.26638,BTC
2013-02-02 19:15:08,0.00039308,20.26638,BTC
2013-02-02 19:15:13,0.00020924,20.26638,BTC
2013-02-02 19:15:16,0.0008144000000000001,20.26638,BTC
2013-02-02 19:15:18,0.00020958,20.26638,BTC
2013-02-02 19:15:21,0.00030404,20.26638,BTC
2013-02-02 19:15:23,0.00020980000000000009,20.26638,BTC
2013-02-02 19:15:25,0.00020991,20.26638,BTC
2013-02-02 19:15:29,0.00021002,20.26638,BTC
2013-02-02 19:15:31,0.00021212,20.26638,BTC
2013-02-02 19:15:33,0.0230428,20.26638,BTC
2013-02-02 19:15:35,0.00116088,20.26638,BTC
2013-02-02 19:15:37,0.04021436,20.26638,BTC
2013-02-02 19:15:39,0.00021448,20.26638,BTC
2013-02-02 19:15:41,0.2399236,20.26638,BTC
2013-02-02 19:19:07,2.16754995,19.8100014,BTC
2013-02-02 19:20:12,51.83245005,20.101701,BTC
2013-02-02 21:07:32,0.1,20.0685,BTC
2013-02-02 21:11:12,0.03415975,20.0634,BTC
2013-02-02 21:12:32,0.00277613,20.0634,BTC
2013-02-02 21:31:30,100.0,20.0884512,BTC
2013-02-03 01:13:34,0.00020659,20.4102,BTC
2013-02-03 01:13:36,0.0004776,20.4102,BTC
2013-02-03 01:13:38,4.02e-05,20.4102,BTC
2013-02-03 01:13:40,0.00011596,20.4102,BTC
2013-02-03 01:13:42,0.00020637,20.4102,BTC
2013-02-03 01:13:44,0.00123748,20.4102,BTC
2013-02-03 01:13:45,0.00020626,20.4102,BTC
2013-02-03 01:13:47,0.00038992,20.4102,BTC
2013-02-03 01:13:49,0.0008,20.4102,BTC
2013-02-03 01:13:50,10.0,20.4102,BTC
2013-02-03 01:13:52,0.0045284,20.4102,BTC
2013-02-03 01:13:54,0.00026248,20.4102,BTC
2013-02-03 01:13:56,0.23968520000000004,20.4102,BTC
2013-02-03 01:13:58,0.0008,20.4102,BTC
2013-02-03 01:14:00,0.00200572,20.4102,BTC
2013-02-03 01:14:02,0.00038796,20.4102,BTC
2013-02-03 01:14:05,0.84,20.4102,BTC
2013-02-03 01:14:08,0.11085112,20.4102,BTC
2013-02-03 01:14:10,0.00013159999999999995,20.4102,BTC
2013-02-03 01:14:12,0.00119448,20.4102,BTC
2013-02-03 01:14:14,0.0002056,20.4102,BTC
2013-02-03 01:14:16,0.0008,20.4102,BTC
2013-02-03 01:14:18,0.07146363,20.4102,BTC
2013-02-03 01:18:55,15.0,20.5009698,BTC
2013-02-03 01:19:29,32.0,20.506794,BTC
2013-02-03 01:36:32,12.86974456,20.349,BTC
2013-02-03 01:51:09,0.040065,20.5529898,BTC
2013-02-03 01:51:09,0.00254662,20.5529898,BTC
2013-02-03 02:01:15,2.0,20.4144636,BTC
2013-02-03 02:03:55,0.11,20.4999294,BTC
2013-02-03 02:17:00,8e-08,20.49996,BTC
2013-02-03 02:17:02,0.09231498,20.49996,BTC
2013-02-03 03:17:25,4.1,20.49996,BTC
2013-02-03 04:07:26,10.0,20.4,BTC
2013-02-03 04:22:12,0.34185053,20.4,BTC
2013-02-03 10:12:57,10.0,20.400102,BTC
2013-02-03 11:21:13,17.0,20.4254898,BTC
2013-02-03 12:26:47,10.0,20.5019796,BTC
2013-02-03 13:57:16,0.98,20.389789800000006,BTC
2013-02-03 17:22:40,0.00080705,20.52495,BTC
2013-02-03 17:26:27,29.13805689,20.622768,BTC
2013-02-03 17:27:03,8.879,20.622747600000004,BTC
2013-02-03 17:35:40,1.0,20.7793992,BTC
2013-02-03 18:00:53,5.69544635,21.0936,BTC
2013-02-03 19:14:41,30.0,21.0119796,BTC
2013-02-03 19:17:51,5.0,20.9814,BTC
2013-02-03 19:18:41,1.0,20.9719242,BTC
2013-02-03 19:20:27,0.1,21.0373266,BTC
2013-02-03 19:32:07,2.3,21.1547184,BTC
2013-02-03 19:34:44,0.01939411,21.1548,BTC
2013-02-03 19:39:48,1.0,21.1281576,BTC
2013-02-03 19:40:17,0.2,21.1281474,BTC
2013-02-03 20:28:52,10.0,20.90796,BTC
2013-02-03 20:32:59,10.0,20.90796,BTC
2013-02-03 20:35:15,0.0018,20.90796,BTC
2013-02-03 20:35:50,0.7,20.90796,BTC
2013-02-03 20:51:42,10.0,20.91,BTC
2013-02-03 20:59:29,10.0,20.91,BTC
2013-02-03 21:00:33,10.0,20.91,BTC
2013-02-03 21:02:58,10.0,20.9997396,BTC
2013-02-03 21:14:05,39.65923966,20.91,BTC
2013-02-03 22:46:06,81.0,21.215898000000006,BTC
2013-02-03 23:23:43,4.0,21.2052186,BTC
2013-02-04 00:06:18,2.688e-05,21.012,BTC
2013-02-04 00:28:48,3.7814922,21.0425898,BTC
2013-02-04 03:00:53,0.04139,21.0108474,BTC
2013-02-04 03:29:34,0.11,21.3394302,BTC
2013-02-04 03:30:17,0.11,21.3394098,BTC
2013-02-04 04:08:18,0.4,21.2598498,BTC
2013-02-04 04:48:42,0.0004,21.3394404,BTC
2013-02-04 05:12:37,5.27287943,21.317989800000007,BTC
2013-02-04 07:08:04,4.00000009,21.369,BTC
2013-02-04 08:12:59,10.0,21.216,BTC
2013-02-04 08:14:50,0.161,21.216,BTC
2013-02-04 12:01:37,50.0,20.807949,BTC
2013-02-04 12:14:02,1.0,20.9471484,BTC
2013-02-04 12:31:32,10.0,20.86308,BTC
2013-02-04 13:40:50,2.5,20.8998,BTC
2013-02-04 13:49:03,7.247999999999997,20.89878,BTC
2013-02-04 14:48:43,1.0,20.859,BTC
2013-02-04 15:53:26,1.0,20.757,BTC
2013-02-04 16:57:48,0.007036799999999999,20.655,BTC
2013-02-04 19:20:06,0.001,20.7442194,BTC
2013-02-04 19:24:30,0.001,20.756989800000003,BTC
2013-02-04 20:15:21,0.20148425,20.5614456,BTC
2013-02-04 20:19:50,20.0,20.6142,BTC
2013-02-04 20:49:22,0.03985108,20.655,BTC
2013-02-04 21:36:31,26.7,20.6855898,BTC
2013-02-04 21:39:21,20.0,20.6019294,BTC
2013-02-04 21:41:57,89.91120823,20.593698,BTC
2013-02-04 21:56:36,20.0,20.502,BTC
2013-02-04 21:58:50,20.0,20.502,BTC
2013-02-04 22:00:06,20.0,20.4816,BTC
2013-02-04 22:02:22,25.0,20.502,BTC
2013-02-04 22:06:37,15.0,20.4918,BTC
2013-02-04 22:07:47,5.0,20.4918,BTC
2013-02-04 22:16:59,10.0,20.3999898,BTC
2013-02-04 22:22:15,5.0,20.4542538,BTC
2013-02-04 22:31:58,60.34,20.502,BTC
2013-02-04 22:33:27,0.3,20.4918,BTC
2013-02-04 22:38:38,1.0,20.582886,BTC
2013-02-04 23:01:43,0.00012558,20.5815498,BTC
2013-02-04 23:01:44,10.0,20.5815498,BTC
2013-02-04 23:18:07,20.0,20.5703196,BTC
2013-02-04 23:21:55,15.0,20.8998,BTC
2013-02-04 23:21:57,0.01243335,20.8998,BTC
2013-02-04 23:22:00,0.008,20.8998,BTC
2013-02-04 23:22:01,1.18548396,20.8998,BTC
2013-02-04 23:22:51,1.0,20.908959600000006,BTC
2013-02-05 00:02:51,0.04893625,20.961,BTC
2013-02-05 00:02:53,0.00088,20.961,BTC
2013-02-05 00:02:58,0.0003024,20.961,BTC
2013-02-05 00:03:02,0.0002562,20.961,BTC
2013-02-05 00:03:04,0.00010448,20.961,BTC
2013-02-05 00:03:08,0.00049628,20.961,BTC
2013-02-05 00:03:10,0.000787,20.961,BTC
2013-02-05 00:03:16,0.00176,20.961,BTC
2013-02-05 00:03:19,0.00020416,20.961,BTC
2013-02-05 00:03:24,0.00013068,20.961,BTC
2013-02-05 00:03:27,0.08020405,20.961,BTC
2013-02-05 00:03:32,0.00037956,20.961,BTC
2013-02-05 00:03:35,0.00864,20.961,BTC
2013-02-05 00:03:39,0.00352,20.961,BTC
2013-02-05 00:03:41,0.00352,20.961,BTC
2013-02-05 00:03:44,0.00176,20.961,BTC
2013-02-05 00:03:47,0.00042292,20.961,BTC
2013-02-05 00:03:51,0.00176,20.961,BTC
2013-02-05 00:03:54,0.0022,20.961,BTC
2013-02-05 00:03:57,0.00176,20.961,BTC
2013-02-05 00:03:59,0.00020362,20.961,BTC
2013-02-05 00:04:02,0.00528,20.961,BTC
2013-02-05 00:04:04,0.00572,20.961,BTC
2013-02-05 00:04:05,0.0001,20.961,BTC
2013-02-05 00:04:09,0.0002844,20.961,BTC
2013-02-05 00:04:14,0.00176,20.961,BTC
2013-02-05 00:04:16,0.00820587,20.961,BTC
2013-02-05 00:04:18,0.0001304,20.961,BTC
2013-02-05 00:04:21,0.15340503,20.961,BTC
2013-02-05 00:04:23,0.00011104,20.961,BTC
2013-02-05 00:04:25,0.00020492,20.961,BTC
2013-02-05 00:04:27,0.00084856,20.961,BTC
2013-02-05 00:04:29,0.02,20.961,BTC
2013-02-05 00:04:31,0.00097464,20.961,BTC
2013-02-05 00:04:34,217.46155781,20.961,BTC
2013-02-05 03:32:59,0.1719572,21.0528,BTC
2013-02-05 03:33:00,0.02416,21.0528,BTC
2013-02-05 03:33:00,0.07914448,21.0528,BTC
2013-02-05 03:33:00,0.00132,21.0528,BTC
2013-02-05 03:33:00,0.01958805,21.0528,BTC
2013-02-05 03:33:00,0.00044,21.0528,BTC
2013-02-05 03:33:01,0.01904005,21.0528,BTC
2013-02-05 06:48:17,7.1,20.8998102,BTC
2013-02-05 12:06:50,1.0,20.8883454,BTC
2013-02-05 12:08:01,2.0,20.8883454,BTC
2013-02-05 12:09:34,2.0,20.8883352,BTC
2013-02-05 12:09:49,2.0,20.8883352,BTC
2013-02-05 12:53:32,1.0,21.0629898,BTC
2013-02-05 12:53:41,1.0,21.0629898,BTC
2013-02-05 12:53:57,1.0,21.0629898,BTC
2013-02-05 13:46:31,1.0,21.052789800000006,BTC
2013-02-05 14:20:31,1.0,21.1139898,BTC
2013-02-05 14:21:06,1.0,21.114,BTC
2013-02-05 14:22:09,1.0,21.1139898,BTC
2013-02-05 14:23:32,1.0,21.1139898,BTC
2013-02-05 14:24:00,1.0,21.1139898,BTC
2013-02-05 14:24:16,1.0,21.1139898,BTC
2013-02-05 14:24:28,1.0,21.1139898,BTC
2013-02-05 14:29:30,20.0,21.17724,BTC
2013-02-05 14:30:05,0.5,21.17724,BTC
2013-02-05 14:52:42,23.0,20.9762796,BTC
2013-02-05 15:04:53,7.0,20.9099898,BTC
2013-02-05 19:30:57,2.0,21.0221796,BTC
2013-02-05 21:34:51,8.2,21.0456192,BTC
2013-02-05 21:39:42,7.0,21.0477,BTC
2013-02-05 21:43:51,0.8,21.0476796,BTC
2013-02-05 21:54:56,100.0,21.1344,BTC
2013-02-05 22:02:34,30.57800000000001,21.165,BTC
2013-02-05 22:08:38,1.0,21.164388,BTC
2013-02-05 22:09:14,0.9,21.164388,BTC
2013-02-05 22:29:41,18.0,21.0373266,BTC
2013-02-05 23:28:35,0.5,21.0119898,BTC
2013-02-06 03:00:47,5.7639999999999985,21.3077898,BTC
2013-02-06 03:02:06,0.00026308,21.3077898,BTC
2013-02-06 03:17:42,260.0,21.42,BTC
2013-02-06 03:20:31,79.08601657,21.519756,BTC
2013-02-06 03:24:54,50.0,21.42,BTC
2013-02-06 03:28:35,6.23339,21.4387068,BTC
2013-02-06 03:30:54,50.0,21.522,BTC
2013-02-06 03:33:33,1.0,21.522,BTC
2013-02-06 03:38:21,1.0,21.522,BTC
2013-02-06 03:41:04,0.11,21.6912996,BTC
2013-02-06 03:44:52,1.0,21.573,BTC
2013-02-06 03:46:59,2.0,21.5581998,BTC
2013-02-06 03:48:56,0.11,21.525621,BTC
2013-02-06 04:11:06,144.78282222,21.5528346,BTC
2013-02-06 04:18:56,10.53,21.4734276,BTC
2013-02-06 04:26:14,8.45681149,21.4914,BTC
2013-02-06 04:26:51,25.32070936,21.4601676,BTC
2013-02-06 05:05:28,2.0,21.726,BTC
2013-02-06 05:13:14,0.11,21.7258674,BTC
2013-02-06 05:30:24,10.0,21.5729898,BTC
2013-02-06 06:22:16,10.0,21.522,BTC
2013-02-06 07:06:48,12.71487505,21.6239592,BTC
2013-02-06 13:58:37,46.0,21.573,BTC
2013-02-06 15:25:08,2.0,21.70458,BTC
2013-02-06 15:55:19,20.0,21.715789800000003,BTC
2013-02-06 17:59:05,0.00307131,21.6953694,BTC
2013-02-06 17:59:18,0.02130809,21.6953796,BTC
2013-02-06 17:59:21,0.14849768,21.6953796,BTC
2013-02-06 17:59:23,0.02,21.6953796,BTC
2013-02-06 17:59:26,0.00311774,21.6953796,BTC
2013-02-06 21:23:15,13.0,21.675,BTC
2013-02-07 00:02:59,0.04,21.6035898,BTC
2013-02-07 02:51:18,1.0,21.72498,BTC
2013-02-07 07:15:15,0.19416229,21.76731,BTC
2013-02-07 07:15:17,0.0033027,21.76731,BTC
2013-02-07 07:15:19,0.008,21.76731,BTC
2013-02-07 07:15:21,0.00250608,21.76731,BTC
2013-02-07 07:15:24,0.02258799,21.76731,BTC
2013-02-07 07:15:24,100.0,21.76731,BTC
2013-02-07 08:39:30,0.1,21.82800000000001,BTC
2013-02-07 08:41:32,0.5,21.8068146,BTC
2013-02-07 08:43:02,48.68314974,21.7259898,BTC
2013-02-07 08:58:36,56.0,21.8279898,BTC
2013-02-07 09:30:44,0.00431773,21.7259898,BTC
2013-02-07 11:37:41,0.00101116,21.8484,BTC
2013-02-07 11:37:43,0.004,21.8484,BTC
2013-02-07 11:37:45,0.00147348,21.8484,BTC
2013-02-07 11:37:47,0.00513338,21.8484,BTC
2013-02-07 11:37:48,100.0,21.8484,BTC
2013-02-07 14:46:36,0.00989322,21.8382,BTC
2013-02-07 14:54:40,3.0,21.9692088,BTC
2013-02-07 14:59:32,0.00971369,22.0473,BTC
2013-02-07 15:07:53,0.6742451999999999,22.144189800000003,BTC
2013-02-07 15:10:20,100.0,22.10600100000001,BTC
2013-02-07 15:16:43,0.01601086,22.3990878,BTC
2013-02-07 15:16:45,0.00028328,22.3990878,BTC
2013-02-07 15:16:47,0.01185828,22.3990878,BTC
2013-02-07 15:16:49,0.00172223,22.3990878,BTC
2013-02-07 15:16:50,100.0,22.3990878,BTC
2013-02-07 15:23:05,25.0,22.44,BTC
2013-02-07 15:37:50,0.0395897,22.389,BTC
2013-02-07 15:41:37,5.0,22.338,BTC
2013-02-07 15:41:51,0.78848048,22.338,BTC
2013-02-07 15:43:42,4.21151952,22.338,BTC
2013-02-07 15:53:55,5.0,22.33789800000001,BTC
2013-02-07 15:54:15,5.0,22.33789800000001,BTC
2013-02-07 15:55:35,2.0,22.2464142,BTC
2013-02-07 16:05:54,90.0,22.3277694,BTC
2013-02-07 16:06:47,1.0,22.43998980000001,BTC
2013-02-07 16:33:24,1.0,22.3787898,BTC
2013-02-07 16:33:33,1.0,22.3787898,BTC
2013-02-07 16:33:59,2.0,22.3175796,BTC
2013-02-07 16:34:02,2.0,22.3175796,BTC
2013-02-07 16:34:10,2.0,22.3175796,BTC
2013-02-07 16:34:19,2.0,22.3175796,BTC
2013-02-07 16:34:35,2.0,22.3073796,BTC
2013-02-07 16:34:49,2.0,22.3073796,BTC
2013-02-07 16:35:05,2.0,22.3175796,BTC
2013-02-07 16:35:12,2.0,22.3175796,BTC
2013-02-07 16:36:18,2.0,22.3175796,BTC
2013-02-07 16:37:38,2.0,22.3073796,BTC
2013-02-07 16:37:46,2.0,22.3073796,BTC
2013-02-07 16:38:00,2.0,22.2564,BTC
2013-02-07 16:38:03,2.0,22.2564,BTC
2013-02-07 16:38:16,2.0,22.2564,BTC
2013-02-07 16:38:26,10.0,22.2564,BTC
2013-02-07 16:39:23,8.0,22.2564,BTC
2013-02-07 16:40:36,5.0,22.2564,BTC
2013-02-07 16:40:58,2.0,22.2564,BTC
2013-02-07 16:42:59,1.5,22.2380502,BTC
2013-02-07 16:43:46,25.0,22.2380502,BTC
2013-02-07 16:55:08,30.0,22.44,BTC
2013-02-07 17:06:15,25.0,22.389,BTC
2013-02-07 17:15:16,225.0,22.4247,BTC
2013-02-07 17:40:53,5.0,22.4807898,BTC
2013-02-07 17:49:52,2.0,22.3634898,BTC
2013-02-07 18:16:58,1.0,22.3992204,BTC
2013-02-07 18:26:11,13.0,22.3650198,BTC
2013-02-07 18:33:55,1.28815809,22.2869898,BTC
2013-02-07 18:40:54,41.28666272,22.3074,BTC
2013-02-07 18:45:54,0.016,22.409389800000003,BTC
2013-02-07 19:22:28,10.0,22.2869898,BTC
2013-02-07 19:24:03,10.0,22.2666,BTC
2013-02-07 19:24:19,5.0,22.2666,BTC
2013-02-07 19:56:32,101.5,22.41042,BTC
2013-02-07 19:58:06,2.0,22.4196,BTC
2013-02-07 20:03:15,0.1,22.4298102,BTC
2013-02-07 20:03:18,0.1,22.44,BTC
2013-02-07 20:03:37,0.2,22.44,BTC
2013-02-07 20:03:45,0.2,22.44,BTC
2013-02-07 20:03:54,0.2,22.44,BTC
2013-02-07 20:04:01,0.2,22.44,BTC
2013-02-07 20:04:10,0.2,22.44,BTC
2013-02-07 20:04:12,0.2,22.44,BTC
2013-02-07 20:04:14,0.2,22.44,BTC
2013-02-07 20:04:16,0.2,22.44,BTC
2013-02-07 20:04:18,0.2,22.44,BTC
2013-02-07 20:04:20,0.2,22.44,BTC
2013-02-07 20:04:23,0.2,22.44,BTC
2013-02-07 20:04:28,0.2,22.44,BTC
2013-02-07 20:04:30,0.2,22.44,BTC
2013-02-07 20:04:32,0.2,22.44,BTC
2013-02-07 20:04:34,0.2,22.44,BTC
2013-02-07 20:04:36,0.2,22.44,BTC
2013-02-07 20:04:39,0.2,22.44,BTC
2013-02-07 20:04:40,0.2,22.44,BTC
2013-02-07 20:04:42,0.2,22.44,BTC
2013-02-07 20:04:44,0.2,22.44,BTC
2013-02-07 20:04:46,0.2,22.44,BTC
2013-02-07 20:04:48,0.2,22.44,BTC
2013-02-07 20:04:50,0.2,22.44,BTC
2013-02-07 20:04:52,0.2,22.44,BTC
2013-02-07 20:05:22,0.2,22.44,BTC
2013-02-07 20:05:30,0.2,22.44,BTC
2013-02-07 20:05:39,0.2,22.44,BTC
2013-02-07 20:39:49,1.75,22.5368898,BTC
2013-02-07 20:40:45,0.2,22.5317898,BTC
2013-02-07 21:27:09,50.0,22.5419796,BTC
2013-02-07 21:39:16,5.0,22.64298,BTC
2013-02-07 21:39:47,4.0,22.644,BTC
2013-02-07 22:04:52,130.0,22.4574828,BTC
2013-02-07 23:27:32,5.0,22.541989800000003,BTC
2013-02-08 00:51:52,107.95,22.6643898,BTC
2013-02-08 00:59:43,1.0,22.7358204,BTC
2013-02-08 01:03:16,2.0,22.8072,BTC
2013-02-08 02:54:00,225.0,22.86838980000001,BTC
2013-02-08 02:57:27,500.0,22.949898,BTC
2013-02-08 03:05:42,0.22,22.95,BTC
2013-02-08 04:47:03,133.0,22.9499796,BTC
2013-02-08 06:22:57,0.0466168,23.103,BTC
2013-02-08 06:46:33,0.01596874,23.103,BTC
2013-02-08 06:46:35,0.2400032000000001,23.103,BTC
2013-02-08 06:46:37,0.35274835,23.103,BTC
2013-02-08 07:39:04,32.0,23.154,BTC
2013-02-08 08:26:04,0.01169402,23.0418,BTC
2013-02-08 08:26:07,0.02,23.0418,BTC
2013-02-08 09:01:46,50.0,22.644,BTC
2013-02-08 09:01:50,25.0,22.644,BTC
2013-02-08 10:11:11,107.58,22.7307714,BTC
2013-02-08 12:23:17,0.0092,22.8684,BTC
2013-02-08 14:04:16,49.02,22.9908,BTC
2013-02-08 15:51:21,0.33193173,22.8276,BTC
2013-02-08 18:39:20,5.0,23.0620572,BTC
2013-02-08 21:33:40,25.0,22.9806,BTC
2013-02-08 23:14:05,23.33468374,23.1030102,BTC
2013-02-08 23:22:03,62.44182059,23.1081102,BTC
2013-02-08 23:24:45,0.00163376,23.1846,BTC
2013-02-08 23:24:47,0.00119997,23.1846,BTC
2013-02-08 23:26:08,0.069,23.19174,BTC
2013-02-08 23:27:46,0.17369679,23.1998898,BTC
2013-02-08 23:43:07,100.0,23.199798,BTC
2013-02-08 23:43:39,90.0,23.1999,BTC
2013-02-08 23:53:07,7.0,23.1040302,BTC
2013-02-09 00:00:08,4.0,23.1132,BTC
2013-02-09 00:04:00,19.0,23.103,BTC
2013-02-09 00:44:37,126.0,23.0826,BTC
2013-02-09 01:22:20,22.0,23.2764,BTC
2013-02-09 01:24:26,0.33,23.2764,BTC
2013-02-09 01:26:04,5.0,23.2764,BTC
2013-02-09 01:27:01,14.0,23.307,BTC
2013-02-09 02:39:57,70.0,23.1529698,BTC
2013-02-09 07:50:35,0.04730963,23.154,BTC
2013-02-09 07:50:42,0.04,23.154,BTC
2013-02-09 07:50:44,0.00088,23.154,BTC
2013-02-09 07:50:47,0.00044,23.154,BTC
2013-02-09 07:50:51,0.02352537,23.154,BTC
2013-02-09 07:50:55,0.00264,23.154,BTC
2013-02-09 07:51:00,0.6630050000000001,23.154,BTC
2013-02-09 11:03:34,0.01919636,23.27214660000001,BTC
2013-02-09 11:03:36,0.002,23.27214660000001,BTC
2013-02-09 11:03:38,0.00095961,23.27214660000001,BTC
2013-02-09 11:03:40,5.032e-05,23.27214660000001,BTC
2013-02-09 11:03:42,0.01179334,23.27214660000001,BTC
2013-02-09 11:03:44,0.12067455,23.27214660000001,BTC
2013-02-09 11:03:48,0.46,23.27214660000001,BTC
2013-02-09 11:03:52,0.10498094,23.27214660000001,BTC
2013-02-09 11:03:53,500.0,23.27214660000001,BTC
2013-02-09 11:46:20,15.85629212,23.5875,BTC
2013-02-09 11:48:49,5.14370788,23.6582574,BTC
2013-02-09 12:02:06,9.0,23.700618,BTC
2013-02-09 12:49:54,3.0,23.787828,BTC
2013-02-09 13:46:14,4e-05,23.868,BTC
2013-02-09 13:46:19,0.00022839,23.868,BTC
2013-02-09 13:46:21,0.00036543,23.868,BTC
2013-02-09 13:46:24,0.00102776,23.868,BTC
2013-02-09 13:46:26,0.00044,23.868,BTC
2013-02-09 13:46:29,0.00044,23.868,BTC
2013-02-09 13:46:31,0.00044,23.868,BTC
2013-02-09 13:46:33,0.00044,23.868,BTC
2013-02-09 13:46:36,0.00044,23.868,BTC
2013-02-09 13:46:38,0.00044,23.868,BTC
2013-02-09 13:46:40,0.01721474,23.868,BTC
2013-02-09 13:46:42,0.00044,23.868,BTC
2013-02-09 13:46:45,0.00044,23.868,BTC
2013-02-09 13:46:48,0.00044,23.868,BTC
2013-02-09 13:46:51,0.00011204,23.868,BTC
2013-02-09 13:46:53,0.00469899,23.868,BTC
2013-02-09 13:46:55,0.00012836,23.868,BTC
2013-02-09 13:46:57,0.00176,23.868,BTC
2013-02-09 13:46:59,0.00132,23.868,BTC
2013-02-09 13:47:01,0.032,23.868,BTC
2013-02-09 13:47:03,0.01567904,23.868,BTC
2013-02-09 14:02:14,30.0,23.8272,BTC
2013-02-09 14:13:37,10.0,23.766,BTC
2013-02-09 14:14:39,5.0,23.766,BTC
2013-02-09 14:15:15,2.0,23.766,BTC
2013-02-09 14:35:16,18.0,23.7456,BTC
2013-02-09 14:52:15,40.0,23.715,BTC
2013-02-09 14:52:29,25.0,23.715,BTC
2013-02-09 15:13:04,25.0,23.7353898,BTC
2013-02-09 15:39:18,50.0,24.0742134,BTC
2013-02-09 18:41:28,8.5,23.9189898,BTC
2013-02-09 20:14:31,0.01730612,24.021,BTC
2013-02-09 20:31:28,4.62123305,24.2045796,BTC
2013-02-09 20:34:19,42.0,24.2123112,BTC
2013-02-09 21:28:52,1.0,24.378,BTC
2013-02-09 21:51:28,4.0,24.3270102,BTC
2013-02-09 21:52:34,2.0,24.4206462,BTC
2013-02-09 21:57:47,50.0,24.4086,BTC
2013-02-09 22:01:50,2.484919,24.3167898,BTC
2013-02-09 22:38:44,4.0,24.20664,BTC
2013-02-09 22:53:36,99.0,24.276,BTC
2013-02-09 22:59:52,0.20987272,24.2658,BTC
2013-02-10 00:04:09,0.00036284,24.276,BTC
2013-02-10 01:03:02,137.30914251,24.378,BTC
2013-02-10 01:11:30,12.62,24.2249796,BTC
2013-02-10 02:36:25,30.33,24.1739898,BTC
2013-02-10 02:39:07,30.0,24.1739388,BTC
2013-02-10 02:56:47,25.0,24.1280796,BTC
2013-02-10 03:33:12,0.0004,24.232119600000004,BTC
2013-02-10 04:04:17,9.0,23.9904,BTC
2013-02-10 09:16:06,0.36675244,23.955465,BTC
2013-02-10 09:16:07,0.008,23.955465,BTC
2013-02-10 09:16:09,0.02870044,23.955465,BTC
2013-02-10 09:16:11,0.00032312,23.955465,BTC
2013-02-10 09:16:13,0.0086356,23.955465,BTC
2013-02-10 09:16:14,0.0022,23.955465,BTC
2013-02-10 09:16:16,0.01904508,23.955465,BTC
2013-02-10 09:16:18,0.0004072,23.955465,BTC
2013-02-10 09:16:20,6.492e-05,23.955465,BTC
2013-02-10 09:16:22,0.008,23.955465,BTC
2013-02-10 09:16:24,0.00038652,23.955465,BTC
2013-02-10 09:16:26,0.00051812,23.955465,BTC
2013-02-10 09:16:28,0.04,23.955465,BTC
2013-02-10 09:16:29,0.008,23.955465,BTC
2013-02-10 09:16:31,0.0004072,23.955465,BTC
2013-02-10 09:16:33,0.01731038,23.955465,BTC
2013-02-10 09:16:35,0.00132,23.955465,BTC
2013-02-10 09:16:37,0.004,23.955465,BTC
2013-02-10 09:16:39,0.00021472,23.955465,BTC
2013-02-10 09:16:41,0.00088,23.955465,BTC
2013-02-10 09:26:41,32.0,23.724996,BTC
2013-02-10 09:28:49,20.0,23.72509800000001,BTC
2013-02-10 09:49:44,0.00032188,23.9175312,BTC
2013-02-10 09:49:45,0.00132,23.9175312,BTC
2013-02-10 09:49:47,0.00088,23.9175312,BTC
2013-02-10 09:49:49,0.00132,23.9175312,BTC
2013-02-10 09:49:50,0.00014688,23.9175312,BTC
2013-02-10 09:49:52,0.00132,23.9175312,BTC
2013-02-10 09:49:54,0.08,23.9175312,BTC
2013-02-10 09:49:56,0.00804,23.9175312,BTC
2013-02-10 09:49:59,0.26316,23.9175312,BTC
2013-02-10 09:50:01,400.0,23.9175312,BTC
2013-02-10 12:03:52,0.009000000000000001,23.613000000000003,BTC
2013-02-10 12:03:56,0.04,23.613000000000003,BTC
2013-02-10 12:03:59,0.308,23.613000000000003,BTC
2013-02-10 12:04:04,0.0004,23.613000000000003,BTC
2013-02-10 12:04:07,0.4,23.613000000000003,BTC
2013-02-10 12:04:09,0.02531612,23.613000000000003,BTC
2013-02-10 12:04:15,0.0004072,23.613000000000003,BTC
2013-02-10 12:10:15,25.0,23.663989800000003,BTC
2013-02-10 12:13:42,10.0,23.46,BTC
2013-02-10 12:13:44,1.0,23.46,BTC
2013-02-10 12:16:03,10.0,23.3988,BTC
2013-02-10 12:16:20,10.0,23.3988,BTC
2013-02-10 12:25:13,30.0,23.1948,BTC
2013-02-10 12:30:27,0.01706682,23.3375694,BTC
2013-02-10 12:35:18,25.0,23.469588,BTC
2013-02-10 12:39:30,10.0,23.7649698,BTC
2013-02-10 12:47:32,10.0,23.9802,BTC
2013-02-10 12:47:35,0.0004,23.9802,BTC
2013-02-10 12:47:38,0.00038576,23.9802,BTC
2013-02-10 12:47:40,0.0024,23.9802,BTC
2013-02-10 12:47:41,0.00749416,23.9802,BTC
2013-02-10 12:47:44,0.00054684,23.9802,BTC
2013-02-10 12:47:45,0.0004,23.9802,BTC
2013-02-10 12:47:47,0.005980399999999999,23.9802,BTC
2013-02-10 12:47:50,0.0005,23.9802,BTC
2013-02-10 12:47:53,0.00264,23.9802,BTC
2013-02-10 12:47:55,379.19,23.9802,BTC
2013-02-10 12:51:41,0.00680895,24.123,BTC
2013-02-10 12:51:42,0.0007243999999999999,24.123,BTC
2013-02-10 14:06:42,10.0,24.2739498,BTC
2013-02-10 15:13:03,100.0,23.918949,BTC
2013-02-10 15:13:40,8.0,23.908749,BTC
2013-02-10 15:18:49,17.07420361,23.9088,BTC
2013-02-10 15:28:09,24.70066416,23.8985898,BTC
2013-02-10 15:31:23,20.0,23.6292588,BTC
2013-02-10 15:44:24,50.0,23.7883992,BTC
2013-02-10 15:55:04,25.0,23.937349800000003,BTC
2013-02-10 18:06:51,20.0,24.2485722,BTC
2013-02-10 18:12:04,5.0,24.225,BTC
2013-02-10 21:27:44,25.0,24.274776,BTC
2013-02-10 21:53:23,54.0,24.2646576,BTC
2013-02-10 21:55:52,1.0,24.26478,BTC
2013-02-10 22:01:12,99.0,24.3473796,BTC
2013-02-10 22:05:17,20.87,24.4082328,BTC
2013-02-10 22:34:50,100.0,24.48,BTC
2013-02-10 22:35:13,45.52,24.48,BTC
2013-02-10 22:37:21,29.0,24.48,BTC
2013-02-10 22:39:59,1.0,24.5208408,BTC
2013-02-10 23:45:00,7.8,24.4677396,BTC
2013-02-11 02:25:09,10.0,24.4391898,BTC
2013-02-11 03:51:14,0.1536,24.5208102,BTC
2013-02-11 03:56:16,0.93871563,24.5480544,BTC
2013-02-11 03:57:51,0.037896,24.7744026,BTC
2013-02-11 03:57:53,0.01646859,24.7744026,BTC
2013-02-11 03:57:56,0.0009872,24.7744026,BTC
2013-02-11 03:57:58,0.00371901,24.7744026,BTC
2013-02-11 03:58:00,0.18527362,24.7744026,BTC
2013-02-11 03:58:00,94.622,24.7744026,BTC
2013-02-11 06:00:53,20.0,24.48,BTC
2013-02-11 14:03:29,1.0,24.3168,BTC
2013-02-11 14:14:25,0.01384094,24.2862816,BTC
2013-02-11 14:15:26,155.98615906,24.3065898,BTC
2013-02-11 14:32:36,1.0,24.2674932,BTC
2013-02-11 14:54:38,61.0,24.3093438,BTC
2013-02-11 15:04:26,5.0,24.378,BTC
2013-02-11 17:53:40,40.0,24.5291742,BTC
2013-02-11 18:16:17,69.98591758,24.6709848,BTC
2013-02-11 19:10:12,25.0,24.7746576,BTC
2013-02-11 19:24:24,4.5,24.7248,BTC
2013-02-11 19:59:07,15.0,24.7290534,BTC
2013-02-11 20:01:05,135.0,24.7117746,BTC
2013-02-11 20:05:21,23.26574654,24.7156914,BTC
2013-02-11 20:34:11,24.0,24.6721782,BTC
2013-02-11 20:35:35,25.0,24.684,BTC
2013-02-11 21:04:13,1.0,24.8623368,BTC
2013-02-11 21:08:17,76.5,24.9288,BTC
2013-02-11 21:31:54,0.65,24.8858376,BTC
2013-02-11 22:38:35,5.0,24.950118,BTC
2013-02-11 22:49:34,4.03336987,24.919059,BTC
2013-02-11 22:51:25,4.70135976,24.919059,BTC
2013-02-11 22:53:17,5.0,24.9594,BTC
2013-02-11 23:06:25,25.0,25.07046780000001,BTC
2013-02-11 23:19:13,1.0,25.0919898,BTC
2013-02-12 00:05:18,10.0,25.03389060000001,BTC
2013-02-12 00:27:01,0.00044,24.8778,BTC
2013-02-12 00:27:04,0.00088,24.8778,BTC
2013-02-12 00:27:06,0.002,24.8778,BTC
2013-02-12 00:27:08,0.002,24.8778,BTC
2013-02-12 00:27:12,0.006,24.8778,BTC
2013-02-12 00:27:14,200.0,24.8778,BTC
2013-02-12 03:29:18,50.0,25.0818,BTC
2013-02-12 07:08:41,32.05821921,24.918589800000003,BTC
2013-02-12 09:30:09,28.5,25.245,BTC
2013-02-12 10:25:23,127.2270335,25.5,BTC
2013-02-12 11:54:26,216.60692687,25.98858,BTC
2013-02-12 12:43:54,6.0,25.7630988,BTC
2013-02-12 13:11:38,6.70360178,25.602,BTC
2013-02-12 14:02:49,30.0,25.7958,BTC
2013-02-12 14:44:13,100.0,25.90596,BTC
2013-02-12 15:32:37,1.5,25.9589898,BTC
2013-02-12 16:17:50,1.0,25.9283898,BTC
2013-02-12 16:20:41,10.5,25.9284,BTC
2013-02-12 16:22:57,19.0,25.9690878,BTC
2013-02-12 16:24:34,1.0,25.9690878,BTC
2013-02-12 16:25:33,13.0,25.9690878,BTC
2013-02-12 16:26:46,0.9,25.9690878,BTC
2013-02-12 16:36:54,4.65839665,25.959,BTC
2013-02-12 16:50:26,0.44160335,26.0079498,BTC
2013-02-12 16:54:29,10.0,26.01,BTC
2013-02-12 16:57:46,0.4,26.01,BTC
2013-02-12 16:59:33,99.6,26.01,BTC
2013-02-12 16:59:54,100.0,26.01,BTC
2013-02-12 17:36:19,0.8,26.20378980000001,BTC
2013-02-12 17:57:10,9.0,26.265,BTC
2013-02-12 19:15:37,29.0,26.316,BTC
2013-02-12 19:16:56,0.32,26.316,BTC
2013-02-12 19:17:03,6.0,26.316,BTC
2013-02-12 19:24:44,20.0,26.3159898,BTC
2013-02-12 19:36:13,16.0,26.297538,BTC
2013-02-12 19:39:01,50.0,26.298558,BTC
2013-02-12 19:55:38,22.45218572,26.2261584,BTC
2013-02-12 20:02:54,5.0,26.1119694,BTC
2013-02-12 20:18:09,8.0,26.214,BTC
2013-02-12 20:40:23,0.8,26.2139898,BTC
2013-02-12 20:46:35,99.5153,26.01,BTC
2013-02-12 20:50:02,0.00041283,26.0609898,BTC
2013-02-12 20:50:02,3.0,26.0609898,BTC
2013-02-12 21:01:51,0.41453707,26.009989800000003,BTC
2013-02-12 21:07:32,0.00219395,26.0844294,BTC
2013-02-12 21:08:25,0.01524223,26.0915898,BTC
2013-02-12 21:10:52,128.0,26.1120204,BTC
2013-02-12 21:28:22,27.0,26.1119898,BTC
2013-02-12 21:35:35,109.5,26.1936,BTC
2013-02-12 21:50:31,18.0,25.909224,BTC
2013-02-12 22:08:34,4.29626148,25.5251328,BTC
2013-02-12 22:52:46,0.001,25.347,BTC
2013-02-12 22:53:34,1.0,25.48878,BTC
2013-02-12 22:54:28,3.0,25.092,BTC
2013-02-12 22:54:55,1.0,25.092,BTC
2013-02-12 22:56:36,0.012,25.10475,BTC
2013-02-12 22:57:46,1.0,25.1033322,BTC
2013-02-12 23:34:57,0.4,25.1868498,BTC
2013-02-12 23:37:53,0.02088876,25.2857898,BTC
2013-02-12 23:39:01,0.01338076,25.2959898,BTC
2013-02-12 23:43:41,9.71264225,25.7346,BTC
2013-02-12 23:44:13,0.15451065,25.7537658,BTC
2013-02-12 23:44:56,5.0,25.7448,BTC
2013-02-12 23:54:14,0.3,25.704,BTC
2013-02-13 00:53:56,0.01381619,25.7754,BTC
2013-02-13 01:33:02,0.04,25.908,BTC
2013-02-13 01:33:31,0.01596,25.908357,BTC
2013-02-13 01:34:10,0.11000791,25.9692,BTC
2013-02-13 01:36:04,0.19055795,25.9589898,BTC
2013-02-13 01:36:05,0.092,25.9589898,BTC
2013-02-13 01:36:07,0.04006541,25.9283898,BTC
2013-02-13 01:52:07,4.0,26.105829,BTC
2013-02-13 01:54:11,0.1,26.1823698,BTC
2013-02-13 01:55:26,0.1,26.1834,BTC
2013-02-13 01:56:19,0.001,26.214,BTC
2013-02-13 01:56:24,0.001,26.214,BTC
2013-02-13 02:00:20,14.0,26.1119898,BTC
2013-02-13 02:16:46,0.00073924,25.602,BTC
2013-02-13 02:19:35,25.0,25.602,BTC
2013-02-13 02:19:40,5.0,25.602,BTC
2013-02-13 02:29:43,0.25,25.59894,BTC
2013-02-13 02:29:51,0.25,25.602,BTC
2013-02-13 02:29:59,0.25,25.602,BTC
2013-02-13 02:30:07,0.25,25.602,BTC
2013-02-13 02:30:13,0.25,25.602,BTC
2013-02-13 02:30:15,0.25,25.602,BTC
2013-02-13 02:30:25,0.25,25.602,BTC
2013-02-13 02:30:31,0.25,25.602,BTC
2013-02-13 02:30:34,0.25,25.602,BTC
2013-02-13 02:30:36,0.25,25.602,BTC
2013-02-13 02:30:41,0.25,25.602,BTC
2013-02-13 02:30:42,0.25,25.602,BTC
2013-02-13 02:30:45,0.25,25.602,BTC
2013-02-13 02:30:51,0.25,25.602,BTC
2013-02-13 02:30:53,0.25,25.602,BTC
2013-02-13 02:30:54,0.25,25.602,BTC
2013-02-13 02:30:56,0.25,25.602,BTC
2013-02-13 02:31:00,0.25,25.602,BTC
2013-02-13 02:31:02,0.25,25.602,BTC
2013-02-13 02:31:03,0.25,25.602,BTC
2013-02-13 02:31:05,0.25,25.602,BTC
2013-02-13 02:31:07,0.25,25.602,BTC
2013-02-13 02:31:11,0.25,25.602,BTC
2013-02-13 02:31:14,0.25,25.602,BTC
2013-02-13 02:31:17,0.25,25.602,BTC
2013-02-13 02:31:19,0.25,25.602,BTC
2013-02-13 02:31:22,0.25,25.602,BTC
2013-02-13 02:31:25,0.25,25.602,BTC
2013-02-13 02:31:28,0.25,25.602,BTC
2013-02-13 02:31:29,0.25,25.602,BTC
2013-02-13 02:31:31,0.25,25.602,BTC
2013-02-13 02:31:32,0.25,25.602,BTC
2013-02-13 02:41:06,0.123,25.704,BTC
2013-02-13 02:43:15,0.123,25.70298,BTC
2013-02-13 02:44:11,7.542999999999997,25.602,BTC
2013-02-13 02:44:56,32.0,25.602,BTC
2013-02-13 02:55:51,3.0,25.6734,BTC
2013-02-13 02:58:15,0.13,25.7019498,BTC
2013-02-13 03:25:34,1.0,25.7009298,BTC
2013-02-13 03:28:11,0.25,25.6937898,BTC
2013-02-13 03:39:10,5.0,25.5,BTC
2013-02-13 03:39:13,5.0,25.5,BTC
2013-02-13 03:39:47,8.0,25.5,BTC
2013-02-13 04:00:13,30.0,25.7803776,BTC
2013-02-13 04:01:18,110.7,25.8608862,BTC
2013-02-13 04:02:21,100.0,25.8977898,BTC
2013-02-13 08:54:49,0.03727459,26.0712,BTC
2013-02-13 08:54:49,0.01072541,26.0712,BTC
2013-02-13 11:42:20,42.0,26.1868578,BTC
2013-02-13 12:24:38,0.001,26.061,BTC
2013-02-13 14:56:32,35.0,26.519898,BTC
2013-02-13 14:59:23,20.0,26.52,BTC
2013-02-13 15:32:20,0.36028852,26.51796,BTC
2013-02-13 16:22:53,20.0,26.52,BTC
2013-02-13 16:24:28,80.0,26.4792,BTC
2013-02-13 17:38:52,10.0,26.7137898,BTC
2013-02-13 18:47:30,5.19224242,26.0814,BTC
2013-02-13 18:49:23,1.0,26.01102,BTC
2013-02-13 18:49:41,3.0,25.9284,BTC
2013-02-13 20:24:16,1.0,26.2853898,BTC
2013-02-13 21:19:23,5.0,26.327230199999995,BTC
2013-02-13 21:19:33,5.0,26.327230199999995,BTC
2013-02-13 21:19:44,5.0,26.327230199999995,BTC
2013-02-13 21:19:45,5.0,26.327230199999995,BTC
2013-02-13 21:24:01,32.0,26.32722,BTC
2013-02-13 21:54:39,0.004,26.183298,BTC
2013-02-13 22:11:25,1.0,26.04058980000001,BTC
2013-02-13 22:12:19,0.5,26.0406,BTC
2013-02-13 22:25:15,3.0,25.806,BTC
2013-02-13 22:39:59,2.0,25.688802,BTC
2013-02-13 22:43:49,23.0,25.8364776,BTC
2013-02-13 23:07:30,0.1,25.7039898,BTC
2013-02-13 23:07:35,0.1,25.7039898,BTC
2013-02-13 23:07:40,0.1,25.704,BTC
2013-02-13 23:07:44,0.1,25.704,BTC
2013-02-13 23:07:49,0.1,25.7039898,BTC
2013-02-13 23:09:40,0.1,25.653,BTC
2013-02-13 23:21:55,0.0005,25.653,BTC
2013-02-13 23:26:55,8.10287935,25.4898,BTC
2013-02-13 23:28:30,0.49,25.5,BTC
2013-02-13 23:28:39,2.0,25.482558,BTC
2013-02-13 23:28:41,2.0,25.482558,BTC
2013-02-13 23:31:02,1.0,25.6019898,BTC
2013-02-13 23:32:30,0.004,25.6009698,BTC
2013-02-13 23:32:50,0.001,25.296,BTC
2013-02-13 23:35:06,5.0,25.5918,BTC
2013-02-13 23:39:12,5.0,24.276,BTC
2013-02-13 23:39:14,2.0,24.276,BTC
2013-02-13 23:39:19,7.0,24.276,BTC
2013-02-13 23:39:50,2.0,24.276,BTC
2013-02-14 00:03:32,0.02212501,24.276,BTC
2013-02-14 00:04:13,11.0,24.276,BTC
2013-02-14 07:22:36,129.9,24.276,BTC
2013-02-14 07:38:37,20.0,26.214,BTC
2013-02-14 08:57:27,27.0,26.0712,BTC
2013-02-14 09:14:35,0.7,26.51997960000001,BTC
2013-02-14 09:55:06,60.0,26.5199898,BTC
2013-02-14 09:57:04,55.0,26.6555274,BTC
2013-02-14 11:03:57,3.0,26.5811898,BTC
2013-02-14 11:07:18,5.0,26.620969800000005,BTC
2013-02-14 11:08:07,5.0,26.6219898,BTC
2013-02-14 12:06:42,0.00018398,26.7036,BTC
2013-02-14 12:06:42,1.0,26.7036,BTC
2013-02-14 13:39:20,28.59715944,26.4587898,BTC
2013-02-14 13:45:10,3.1337,26.3651028,BTC
2013-02-14 13:53:15,0.7,26.265,BTC
2013-02-14 14:01:35,25.0,26.292580800000003,BTC
2013-02-14 14:17:16,35.6,26.265,BTC
2013-02-14 14:18:00,2.47183263,26.2686312,BTC
2013-02-14 14:20:51,30.0,26.2686312,BTC
2013-02-14 17:20:16,120.0,27.1524,BTC
2013-02-14 18:08:14,0.46084704,27.0765528,BTC
2013-02-14 18:49:24,12.87697784,26.8634442,BTC
2013-02-14 19:38:50,0.0036494,26.9571618,BTC
2013-02-14 19:38:51,0.0005348,26.9571618,BTC
2013-02-14 19:38:54,0.2396888,26.9571618,BTC
2013-02-14 19:38:56,0.04329769,26.9571618,BTC
2013-02-14 19:38:57,0.01,26.9571618,BTC
2013-02-14 19:38:59,0.28669026,26.9571618,BTC
2013-02-14 19:54:18,66.52609285,27.234,BTC
2013-02-14 19:57:41,173.48198822,27.4577166,BTC
2013-02-14 19:58:56,90.0,27.642,BTC
2013-02-14 20:03:33,88.0,27.5848392,BTC
2013-02-14 20:06:32,0.012,27.336,BTC
2013-02-14 20:12:08,1.0,27.5848392,BTC
2013-02-14 20:16:45,220.0,27.639021600000003,BTC
2013-02-14 20:21:08,3.58970238,27.640041600000004,BTC
2013-02-14 20:23:47,0.00190939,27.744,BTC
2013-02-14 20:24:26,90.0,27.74397960000001,BTC
2013-02-14 20:26:10,0.001,27.77256,BTC
2013-02-14 20:27:05,16.0,27.79398,BTC
2013-02-14 20:30:27,90.0,27.79285800000001,BTC
2013-02-14 20:47:06,10.0,28.04898,BTC
2013-02-14 20:59:59,10.0,27.850692,BTC
2013-02-14 21:00:06,1.0,27.850692,BTC
2013-02-14 21:01:12,0.10683122,27.8358,BTC
2013-02-14 21:22:48,0.16794629,27.387,BTC
2013-02-14 21:22:52,4.1337,27.387,BTC
2013-02-14 21:23:51,33.70530662,27.336,BTC
2013-02-14 21:23:59,0.25,27.234,BTC
2013-02-14 21:30:18,0.001,27.53898,BTC
2013-02-14 21:30:57,49.75,27.2748,BTC
2013-02-14 21:31:04,0.0034652000000000003,27.2748,BTC
2013-02-14 21:36:44,0.06657432,27.5196,BTC
2013-02-14 21:36:45,0.016044,27.5196,BTC
2013-02-14 21:36:48,0.2397328,27.5196,BTC
2013-02-14 21:36:49,0.00022128,27.5196,BTC
2013-02-14 21:36:51,0.02,27.5196,BTC
2013-02-14 21:36:53,0.18520607,27.5196,BTC
2013-02-14 21:36:56,0.00035708,27.5196,BTC
2013-02-14 21:36:59,4.042e-05,27.5196,BTC
2013-02-14 21:37:02,0.00029652,27.5196,BTC
2013-02-14 21:37:03,0.06,27.5196,BTC
2013-02-14 21:37:05,0.02004042,27.5196,BTC
2013-02-14 21:37:07,0.00019032,27.5196,BTC
2013-02-14 21:37:09,0.01512139,27.5196,BTC
2013-02-14 21:37:10,0.02,27.5196,BTC
2013-02-14 21:37:12,0.06,27.5196,BTC
2013-02-14 21:37:14,0.02,27.5196,BTC
2013-02-14 21:37:16,4.042e-05,27.5196,BTC
2013-02-14 21:37:18,0.00151707,27.5196,BTC
2013-02-14 21:37:20,0.06991991,27.5196,BTC
2013-02-14 21:52:02,30.0,27.5298,BTC
2013-02-14 21:54:08,0.0010696,27.473088,BTC
2013-02-14 21:54:10,0.0010696,27.473088,BTC
2013-02-14 21:54:11,20.0,27.473088,BTC
2013-02-14 21:58:29,0.08981942,27.5399796,BTC
2013-02-14 21:59:16,0.0005348,27.5260158,BTC
2013-02-14 21:59:17,10.73855502,27.5260158,BTC
2013-02-14 21:59:54,0.1337,27.5356548,BTC
2013-02-14 22:00:04,53.0315,27.5356548,BTC
2013-02-14 22:00:16,0.0548855,27.5356446,BTC
2013-02-14 22:01:06,0.03250539,27.4394382,BTC
2013-02-14 22:01:24,0.0548855,27.4394382,BTC
2013-02-14 22:01:40,0.1337,27.5356446,BTC
2013-02-14 22:01:57,15.82026859,27.5094,BTC
2013-02-14 22:19:18,50.0,27.489,BTC
2013-02-14 22:27:57,13.0,27.7851162,BTC
2013-02-14 23:44:56,3.0,27.83274,BTC
2013-02-14 23:47:09,3.0,27.8459898,BTC
2013-02-15 00:05:16,0.00976222,27.8357898,BTC
2013-02-15 01:01:57,5.0,27.629862,BTC
2013-02-15 01:31:03,4.5145892,27.6215898,BTC
2013-02-15 01:31:09,5.0,27.5298,BTC
2013-02-15 01:37:17,1.0,27.436164,BTC
2013-02-15 01:37:21,1.0,27.436164,BTC
2013-02-15 01:56:26,10.0,27.64197960000001,BTC
2013-02-15 01:58:08,10.0,27.742969800000004,BTC
2013-02-15 01:59:56,3.0,27.7501914,BTC
2013-02-15 01:59:59,3.0,27.7501914,BTC
2013-02-15 02:00:01,3.0,27.7501914,BTC
2013-02-15 02:00:19,0.1,27.7501914,BTC
2013-02-15 02:00:20,0.1,27.7501914,BTC
2013-02-15 02:00:22,0.1,27.7501914,BTC
2013-02-15 02:00:25,0.1,27.7501914,BTC
2013-02-15 02:00:28,0.1,27.7501914,BTC
2013-02-15 02:01:20,1.0,27.7501914,BTC
2013-02-15 02:01:28,1.0,27.7501914,BTC
2013-02-15 02:02:57,1.0,27.7501914,BTC
2013-02-15 02:06:21,20.0,27.7501914,BTC
2013-02-15 02:22:52,3.0,27.9378,BTC
2013-02-15 02:44:23,1.0,28.0200222,BTC
2013-02-15 02:44:26,1.0,28.0200222,BTC
2013-02-15 04:48:41,3.62879656,27.866757,BTC
2013-02-15 05:28:37,72.0,28.025479200000003,BTC
2013-02-15 05:33:40,1.0,27.999,BTC
2013-02-15 05:34:33,0.13,27.999,BTC
2013-02-15 08:50:21,99.50948229,27.54,BTC
2013-02-15 08:55:22,13.81051771,27.538062,BTC
2013-02-15 09:47:20,1.0,27.4176,BTC
2013-02-15 09:47:22,1.0,27.336,BTC
2013-02-15 09:47:25,1.0,27.336,BTC
2013-02-15 10:33:25,9.0,27.3258,BTC
2013-02-15 11:06:41,0.6,27.255573,BTC
2013-02-15 11:14:44,2.0,27.1561026,BTC
2013-02-15 11:53:44,1.0,27.2900898,BTC
2013-02-15 11:53:47,1.0,27.2900898,BTC
2013-02-15 12:14:50,10.0,27.0954534,BTC
2013-02-15 12:17:05,1.0,27.0954534,BTC
2013-02-15 12:17:15,1.0,27.123687,BTC
2013-02-15 12:31:11,1.0,26.979,BTC
2013-02-15 12:31:25,1.0,26.979,BTC
2013-02-15 12:31:32,1.0,26.979,BTC
2013-02-15 12:31:38,1.0,26.979,BTC
2013-02-15 12:32:48,0.28682662,26.979,BTC
2013-02-15 12:36:48,3.1337,27.0795516,BTC
2013-02-15 12:37:15,5.0,26.993382,BTC
2013-02-15 12:44:15,100.0,26.993382,BTC
2013-02-15 13:01:58,2.0,26.9688,BTC
2013-02-15 13:04:58,2.0,26.775,BTC
2013-02-15 13:07:21,1.0,26.921206800000004,BTC
2013-02-15 13:16:21,10.0,26.8637298,BTC
2013-02-15 13:29:32,10.0,26.928,BTC
2013-02-15 13:33:36,70.0,26.9687898,BTC
2013-02-15 13:56:15,70.0,27.2738718,BTC
2013-02-15 14:05:30,5.0,27.557238,BTC
2013-02-15 14:30:22,0.55,27.5706,BTC
2013-02-15 14:46:35,5.0,27.590898,BTC
2013-02-15 14:49:21,3.0,27.6085032,BTC
2013-02-15 14:57:14,0.01170537,27.8931138,BTC
2013-02-15 14:57:27,0.0125348,27.893124,BTC
2013-02-15 14:57:29,0.2398096,27.893124,BTC
2013-02-15 14:57:30,0.08892271,27.893124,BTC
2013-02-15 15:00:52,0.23973520000000004,27.84498,BTC
2013-02-15 15:00:55,0.0199,27.84498,BTC
2013-02-15 15:00:58,0.00969722,27.84498,BTC
2013-02-15 15:01:01,0.01461503,27.84498,BTC
2013-02-15 15:01:06,0.07953943,27.84498,BTC
2013-02-15 15:01:08,0.002,27.84498,BTC
2013-02-15 15:01:10,6.05800522,27.84498,BTC
2013-02-15 15:03:10,0.00201147,27.8356164,BTC
2013-02-15 15:12:46,0.0125348,27.843756,BTC
2013-02-15 15:12:49,0.0125348,27.843756,BTC
2013-02-15 15:12:51,0.0125348,27.843756,BTC
2013-02-15 15:12:57,0.0250696,27.843756,BTC
2013-02-15 15:13:00,45.7859436,27.843756,BTC
2013-02-15 15:17:03,0.00460164,27.9141054,BTC
2013-02-15 15:18:32,0.16772302,27.9140952,BTC
2013-02-15 15:18:33,0.2066599,27.9140952,BTC
2013-02-15 15:20:04,0.01694583,27.6940098,BTC
2013-02-15 15:20:25,0.01694583,27.591010200000003,BTC
2013-02-15 15:20:52,0.002,27.591010200000003,BTC
2013-02-15 15:20:52,0.01012216,27.591010200000003,BTC
2013-02-15 15:20:53,0.00156694,27.591010200000003,BTC
2013-02-15 15:22:28,2.2,27.5706,BTC
2013-02-15 15:22:42,1.01581663,27.6001086,BTC
2013-02-15 17:00:03,1.0,27.54,BTC
2013-02-15 17:02:02,6.0,27.54,BTC
2013-02-15 17:10:02,42.00794397,27.54,BTC
2013-02-15 17:19:46,0.55,27.38693880000001,BTC
2013-02-15 17:26:58,2.0,27.38693880000001,BTC
2013-02-15 17:34:17,1.0,27.336,BTC
2013-02-15 17:34:26,250.0,27.336,BTC
2013-02-15 17:37:27,0.123,27.3767898,BTC
2013-02-15 17:44:40,5.0,27.53898,BTC
2013-02-15 18:00:48,10.3509202,27.54,BTC
2013-02-15 18:06:40,100.0,27.53898,BTC
2013-02-15 19:46:56,0.1234,27.45054600000001,BTC
2013-02-15 21:31:38,0.67,27.640062,BTC
2013-02-15 21:56:19,6.0,27.6756702,BTC
2013-02-15 21:58:17,0.79304801,27.795,BTC
2013-02-15 21:59:19,27.0,27.795,BTC
2013-02-15 21:59:25,30.0,28.0092,BTC
2013-02-15 21:59:38,50.0,28.0500204,BTC
2013-02-15 22:01:10,0.3,27.8256,BTC
2013-02-15 22:13:17,7.47847199,27.8357898,BTC
2013-02-16 02:17:46,1.04,27.9151254,BTC
2013-02-16 08:41:57,0.05964,27.5574624,BTC
2013-02-16 08:44:03,0.05964,27.5501898,BTC
2013-02-16 09:47:20,0.111,27.4447422,BTC
2013-02-16 10:28:18,5.0,27.5502,BTC
2013-02-16 10:28:32,5.0,27.563256,BTC
2013-02-16 11:49:34,169.421286,27.5920404,BTC
2013-02-16 13:15:13,0.52015025,27.560604,BTC
2013-02-16 13:22:44,1.4996,27.6419898,BTC
2013-02-16 16:27:38,1.87669031,27.6725796,BTC
2013-02-16 19:31:27,15.0,27.78174000000001,BTC
2013-02-16 19:35:18,50.0,27.8256,BTC
2013-02-16 20:07:48,1.0,27.8766,BTC
2013-02-16 20:57:33,13.0,27.906169800000004,BTC
2013-02-16 21:07:12,5.0,27.9071898,BTC
2013-02-16 21:19:06,2.0,27.9173898,BTC
2013-02-16 22:20:53,2.0,27.8970102,BTC
2013-02-16 22:42:28,0.11,27.8358102,BTC
2013-02-17 01:23:43,24.0,27.9173898,BTC
2013-02-17 02:03:30,10.0,27.89598,BTC
2013-02-17 02:37:13,10.0,27.846,BTC
2013-02-17 02:48:42,10.0,27.7949898,BTC
2013-02-17 02:49:18,2.0,27.744,BTC
2013-02-17 02:49:21,10.0,27.744,BTC
2013-02-17 02:56:33,0.0004,27.8662164,BTC
2013-02-17 02:56:35,0.0004,27.8662164,BTC
2013-02-17 02:56:36,0.0004,27.8662164,BTC
2013-02-17 02:56:38,0.0016,27.8662164,BTC
2013-02-17 03:55:05,10.47,27.9255498,BTC
2013-02-17 03:57:48,10.4,27.8255898,BTC
2013-02-17 10:03:46,0.988,27.67158,BTC
2013-02-17 11:50:21,2.0,27.6725898,BTC
2013-02-17 11:51:12,2.0,27.5501898,BTC
2013-02-17 11:51:16,2.0,27.5501898,BTC
2013-02-17 11:51:20,2.0,27.5501898,BTC
2013-02-17 11:51:23,2.0,27.5501898,BTC
2013-02-17 12:04:21,38.61256069,27.336,BTC
2013-02-17 12:04:23,2.0,27.336,BTC
2013-02-17 12:12:08,3.0,27.2340204,BTC
2013-02-17 12:16:18,3.0,27.234,BTC
2013-02-17 12:24:22,5.0,27.03,BTC
2013-02-17 12:25:35,3.0,26.826,BTC
2013-02-17 12:29:30,2.0,26.724,BTC
2013-02-17 12:33:39,0.02274759,26.724,BTC
2013-02-17 12:36:19,0.0321964,26.8362,BTC
2013-02-17 12:37:36,0.01008,27.07131,BTC
2013-02-17 12:43:05,0.02,27.094413,BTC
2013-02-17 12:48:16,0.016,27.0942396,BTC
2013-02-17 12:57:01,0.004,26.928,BTC
2013-02-17 13:00:27,0.002,26.928,BTC
2013-02-17 13:02:34,0.002,26.7603834,BTC
2013-02-17 13:08:12,0.004,27.0279498,BTC
2013-02-17 13:23:31,0.004,27.0424032,BTC
2013-02-17 13:27:18,5.65,27.0454122,BTC
2013-02-17 13:41:46,7.62,27.3247698,BTC
2013-02-17 14:40:50,0.032,27.1421898,BTC
2013-02-17 14:44:42,7.71,27.017148,BTC
2013-02-17 14:56:39,3.77,27.02987760000001,BTC
2013-02-17 15:17:33,1.0,27.081,BTC
2013-02-17 16:17:48,4.6520477,26.4689898,BTC
2013-02-17 16:18:45,20.347952300000006,26.4435,BTC
2013-02-17 16:20:08,2.0,26.316,BTC
2013-02-17 16:20:48,2.0,26.316,BTC
2013-02-17 16:33:05,0.00036698,25.704,BTC
2013-02-17 16:35:27,49.46689247,26.01,BTC
2013-02-17 16:35:39,0.02333,26.1675798,BTC
2013-02-17 16:35:57,20.0,26.1675798,BTC
2013-02-17 16:36:39,10.0,26.4210804,BTC
2013-02-17 16:41:23,50.0,26.44184760000001,BTC
2013-02-17 16:46:05,10.0,26.41800000000001,BTC
2013-02-17 16:52:15,5.0,26.72196,BTC
2013-02-17 16:53:54,1.0,26.9118024,BTC
2013-02-17 16:54:00,1.0,26.9118024,BTC
2013-02-17 16:54:23,1.0,26.921727,BTC
2013-02-17 16:54:27,1.0,26.921727,BTC
2013-02-17 16:54:32,1.0,27.02388,BTC
2013-02-17 16:54:36,1.0,27.02388,BTC
2013-02-17 16:55:11,50.0,27.02388,BTC
2013-02-17 17:04:39,50.0,26.7036,BTC
2013-02-17 17:10:21,0.0004748000000000001,26.52,BTC
2013-02-17 17:16:20,0.00167928,26.52,BTC
2013-02-17 17:33:20,10.77822511,26.67198,BTC
2013-02-17 17:54:30,0.002,26.3068404,BTC
2013-02-17 17:59:02,0.00213243,26.3772,BTC
2013-02-17 18:07:39,0.0005928,26.2242,BTC
2013-02-17 18:07:43,0.00132777,26.2242,BTC
2013-02-17 18:08:45,0.001,26.41698,BTC
2013-02-17 18:16:20,0.00045269,25.908,BTC
2013-02-17 18:16:50,120.0,25.908,BTC
2013-02-17 18:17:44,5.25,25.908,BTC
2013-02-17 18:19:58,0.02,25.908,BTC
2013-02-17 18:20:03,20.0,25.908,BTC
2013-02-17 18:20:35,9.0,25.908,BTC
2013-02-17 18:22:01,0.001,26.2921218,BTC
2013-02-17 18:29:17,1.0,26.4456012,BTC
2013-02-17 18:35:45,1.0,26.48995080000001,BTC
2013-02-17 18:35:49,1.0,26.48995080000001,BTC
2013-02-17 18:36:00,1.0,26.48995080000001,BTC
2013-02-17 18:42:49,0.001,25.9387734,BTC
2013-02-17 18:54:53,0.172,26.0814,BTC
2013-02-17 18:55:02,0.004,26.0609898,BTC
2013-02-17 19:00:33,0.00042042,26.1834,BTC
2013-02-17 19:01:39,0.0158011,26.2985784,BTC
2013-02-17 19:05:19,0.001,26.3976,BTC
2013-02-17 19:05:29,0.0187831,26.3976,BTC
2013-02-17 19:11:45,15.0,26.52,BTC
2013-02-17 19:33:05,1.10165,26.4384,BTC
2013-02-17 19:35:30,0.63048936,26.3532708,BTC
2013-02-17 19:52:53,0.51125708,26.6821902,BTC
2013-02-17 19:53:21,1.0,26.6934,BTC
2013-02-17 19:53:41,1.0,26.7444,BTC
2013-02-17 19:53:47,0.48874292,26.7444,BTC
2013-02-17 19:53:49,1.0,26.7444,BTC
2013-02-17 19:53:52,1.0,26.7444,BTC
2013-02-17 20:00:31,3.0,26.6905032,BTC
2013-02-17 20:03:57,3.0,26.7749796,BTC
2013-02-17 20:04:00,3.0,26.7749796,BTC
2013-02-17 20:04:19,1.0,26.826,BTC
2013-02-17 20:04:27,3.0,26.826,BTC
2013-02-17 20:04:38,3.0,26.863515600000003,BTC
2013-02-17 20:04:43,3.0,26.863515600000003,BTC
2013-02-17 20:05:04,1.0,26.863515600000003,BTC
2013-02-17 20:17:21,7.0,26.9523372,BTC
2013-02-17 20:21:38,5.7688,27.54,BTC
2013-02-17 20:21:42,0.04,27.54,BTC
2013-02-17 20:28:23,4.0,27.438,BTC
2013-02-17 20:30:55,0.29,27.3101838,BTC
2013-02-17 20:34:34,1.0,27.5093898,BTC
2013-02-17 20:34:37,1.0,27.5093898,BTC
2013-02-17 20:34:40,1.0,27.5093898,BTC
2013-02-17 20:34:42,1.0,27.5093898,BTC
2013-02-17 20:42:51,2.18,27.4482,BTC
2013-02-17 20:52:25,5.0,27.4278,BTC
2013-02-17 20:52:44,5.0,27.4175898,BTC
2013-02-17 20:52:47,5.0,27.336,BTC
2013-02-17 20:53:44,0.004,27.387,BTC
2013-02-17 20:54:15,5.0,27.4278,BTC
2013-02-17 20:55:16,29.0,27.387,BTC
2013-02-17 20:55:33,5.0,27.8358,BTC
2013-02-17 20:55:52,5.0,27.8358,BTC
2013-02-17 20:55:54,5.0,27.8358,BTC
2013-02-17 20:57:32,15.0,27.54,BTC
2013-02-17 20:58:36,10.0,27.523986,BTC
2013-02-17 21:01:39,50.0,27.52878,BTC
2013-02-17 21:27:45,1.5,27.793776,BTC
2013-02-17 21:38:24,20.0,27.575006400000003,BTC
2013-02-17 22:29:41,7.0,27.43698,BTC
2013-02-17 23:15:51,2.0,27.4889898,BTC
2013-02-17 23:22:26,0.123,27.53898,BTC
2013-02-17 23:24:36,0.123,27.52878,BTC
2013-02-18 02:06:52,30.0,27.5298,BTC
2013-02-18 04:26:10,0.122,27.5032392,BTC
2013-02-18 06:04:08,0.00018078,27.132,BTC
2013-02-18 07:04:56,0.2,27.121687800000004,BTC
2013-02-18 07:19:45,3.876,27.0321318,BTC
2013-02-18 07:45:15,5.0,27.03,BTC
2013-02-18 07:45:18,5.0,27.03,BTC
2013-02-18 09:50:30,0.05913930000000001,27.2136,BTC
2013-02-18 09:50:35,0.0570001,27.2136,BTC
2013-02-18 09:56:37,0.2,27.03,BTC
2013-02-18 10:03:32,0.2,27.081,BTC
2013-02-18 10:32:40,51.0,27.2952,BTC
